source_a_id,source_b_id,name_score,address_score,email_match,phone_match,dob_match,label
HOS-A-00838,CRM-B-00576,0.483,0.412,0,0,0,0
HOS-A-00779,CRM-B-00249,0.308,0.429,0,0,0,0
HOS-A-00856,CRM-B-00856,1.0,1.0,1,1,1,1
HOS-A-00520,CRM-B-01023,0.37,0.474,0,0,0,0
HOS-A-00820,CRM-B-01126,0.4,0.471,0,0,0,0
HOS-A-00135,CRM-B-00135,1.0,1.0,1,1,1,1
HOS-A-00176,CRM-B-00418,0.25,0.343,0,0,0,0
HOS-A-00512,CRM-B-00792-DUP,0.312,0.514,0,0,0,0
HOS-A-00090,CRM-B-01123,0.286,0.4,0,0,0,0
HOS-A-01069,CRM-B-01069,1.0,1.0,0,1,1,1
HOS-A-00510,CRM-B-00764,0.323,0.5,0,0,0,0
HOS-A-00112,CRM-B-00112,1.0,1.0,0,1,1,1
HOS-A-01199,CRM-B-01199,1.0,1.0,0,1,1,1
HOS-A-00311,CRM-B-00259,0.414,0.333,0,0,0,0
HOS-A-00708,CRM-B-00419,0.357,0.387,0,0,0,0
HOS-A-00590,CRM-B-00538,0.4,0.467,0,0,0,0
HOS-A-00180,CRM-B-00180,1.0,0.971,1,1,1,1
HOS-A-00626,CRM-B-01066,0.5,0.533,0,0,0,0
HOS-A-00322,CRM-B-00421,0.385,0.438,0,0,0,0
HOS-A-00366,CRM-B-00873,0.4,0.357,0,0,0,0
HOS-A-01011,CRM-B-01011,1.0,1.0,1,1,1,1
HOS-A-00959,CRM-B-00954,0.444,0.414,0,0,0,0
HOS-A-01026,CRM-B-01026,1.0,1.0,1,1,1,1
HOS-A-00953,CRM-B-00304,0.439,0.242,0,0,0,0
HOS-A-00153,CRM-B-00642,0.5,0.414,0,0,0,0
HOS-A-00528,CRM-B-00528,0.97,0.971,1,1,1,1
HOS-A-00117,CRM-B-00838,0.345,0.387,0,0,0,0
HOS-A-00540,CRM-B-00890,0.4,0.516,0,0,0,0
HOS-A-00102,CRM-B-00519,0.308,0.412,0,0,0,0
HOS-A-00855,CRM-B-00281,0.435,0.5,0,0,0,0
HOS-A-00591,CRM-B-X00865,0.276,0.457,0,0,0,0
HOS-A-01117,CRM-B-01117,1.0,0.968,1,1,1,1
HOS-A-00825,CRM-B-00522,0.286,0.414,0,0,0,0
HOS-A-01197,CRM-B-01197,1.0,0.966,1,1,1,1
HOS-A-01191,CRM-B-01191-DUP,1.0,1.0,0,1,1,1
HOS-A-00896,CRM-B-X00865,0.455,0.485,0,0,0,0
HOS-A-00219,CRM-B-00219,1.0,1.0,1,1,1,1
HOS-A-00464,CRM-B-00464,1.0,1.0,1,1,1,1
HOS-A-00519,CRM-B-00519,0.966,1.0,1,1,1,1
HOS-A-00975,CRM-B-00975,1.0,1.0,1,1,1,1
HOS-A-00446,CRM-B-00446,0.957,1.0,1,1,1,1
HOS-A-00103,CRM-B-01157,0.353,0.562,0,0,0,0
HOS-A-00765,CRM-B-00765,1.0,1.0,1,1,1,1
HOS-A-00576,CRM-B-00576,1.0,1.0,1,1,1,1
HOS-A-00057,CRM-B-00057,1.0,0.966,1,1,1,1
HOS-A-01118,CRM-B-01118,0.957,1.0,1,1,1,1
HOS-A-00815,CRM-B-00875,0.435,0.897,0,0,0,0
HOS-A-00933,CRM-B-00526,0.296,0.387,0,0,0,0
HOS-A-01053,CRM-B-00482,0.381,0.444,0,0,0,0
HOS-A-01106,CRM-B-01106,1.0,1.0,1,1,1,1
HOS-A-01092,CRM-B-01092,0.974,1.0,1,1,1,1
HOS-A-00474,CRM-B-00596,0.37,0.438,0,0,0,0
HOS-A-00423,CRM-B-00423,1.0,1.0,1,1,1,1
HOS-A-00623,CRM-B-00162,0.75,0.357,0,0,0,0
HOS-A-00743,CRM-B-00655,0.387,0.333,0,0,0,0
HOS-A-01077,CRM-B-00873,0.24,0.857,0,0,0,0
HOS-A-01151,CRM-B-00732,0.296,0.452,0,0,0,0
HOS-A-00236,CRM-B-00277,0.24,0.424,0,0,0,0
HOS-A-00156,CRM-B-00222,0.417,0.438,0,0,0,0
HOS-A-00400,CRM-B-X00658,0.345,0.471,0,0,0,0
HOS-A-00554,CRM-B-X00633,0.438,0.37,0,0,0,0
HOS-A-00942,CRM-B-00942,1.0,1.0,1,1,1,1
HOS-A-00451,CRM-B-01027,0.429,0.812,0,0,0,0
HOS-A-00963,CRM-B-00963,1.0,1.0,1,1,1,1
HOS-A-00578,CRM-B-00943,0.364,0.345,0,0,0,0
HOS-A-00720,CRM-B-00720,1.0,1.0,1,1,1,1
HOS-A-00060,CRM-B-00458,0.37,0.467,0,0,0,0
HOS-A-00415,CRM-B-00415,1.0,0.97,1,1,1,1
HOS-A-00692,CRM-B-00529,0.387,0.424,0,0,0,0
HOS-A-01056,CRM-B-01056,1.0,0.971,1,1,1,1
HOS-A-00205,CRM-B-00469,0.385,0.867,0,0,0,0
HOS-A-00749,CRM-B-00454,0.387,0.424,0,0,0,0
HOS-A-01122,CRM-B-00824,0.435,0.5,0,0,0,0
HOS-A-00466,CRM-B-00585,0.741,0.452,0,0,0,0
HOS-A-00240,CRM-B-00240,1.0,0.971,1,1,1,1
HOS-A-00253,CRM-B-00253,1.0,1.0,1,1,1,1
HOS-A-01018,CRM-B-X00813,0.368,0.452,0,0,0,0
HOS-A-00174,CRM-B-00174,1.0,1.0,1,1,1,1
HOS-A-00768,CRM-B-00768,1.0,1.0,1,1,1,1
HOS-A-00256,CRM-B-00795,0.286,0.474,0,0,0,0
HOS-A-00238,CRM-B-00238,1.0,1.0,1,1,1,1
HOS-A-00782,CRM-B-00782,1.0,1.0,1,1,1,1
HOS-A-00613,CRM-B-00754,0.562,0.375,0,0,0,0
HOS-A-00786,CRM-B-00786,1.0,0.966,1,1,1,1
HOS-A-00556,CRM-B-00556,1.0,1.0,0,1,1,1
HOS-A-00875,CRM-B-00875,1.0,0.966,1,1,1,1
HOS-A-01128,CRM-B-01128,1.0,1.0,1,1,1,1
HOS-A-00486,CRM-B-00486,1.0,1.0,1,1,1,1
HOS-A-00101,CRM-B-00101,1.0,1.0,1,1,1,1
HOS-A-00045,CRM-B-00045,1.0,1.0,0,1,1,1
HOS-A-00008,CRM-B-01078,0.4,0.4,0,0,0,0
HOS-A-00650,CRM-B-00650,1.0,1.0,1,1,1,1
HOS-A-00248,CRM-B-00248,1.0,0.973,1,1,1,1
HOS-A-01029,CRM-B-00627,0.64,0.471,0,0,0,0
HOS-A-00340,CRM-B-00266,0.553,0.267,0,0,0,0
HOS-A-00941,CRM-B-00472,0.32,0.242,0,0,0,0
HOS-A-00708,CRM-B-00708,1.0,0.971,1,1,1,1
HOS-A-00111,CRM-B-00976,0.357,0.486,0,0,0,0
HOS-A-00192,CRM-B-01096,0.417,0.412,0,0,0,0
HOS-A-00981,CRM-B-00968,0.318,0.438,0,0,0,0
HOS-A-00071,CRM-B-00142,0.364,0.387,0,0,0,0
HOS-A-00234,CRM-B-01060,0.4,0.387,0,0,0,0
HOS-A-00887,CRM-B-00887,1.0,0.966,1,1,1,1
HOS-A-00137,CRM-B-00007,0.378,0.562,0,0,0,0
HOS-A-00728,CRM-B-00035,0.364,0.312,0,0,0,0
HOS-A-00769,CRM-B-00354,0.308,0.414,0,0,0,0
HOS-A-00011,CRM-B-00838,0.286,0.387,0,0,0,0
HOS-A-00870,CRM-B-00870-DUP,1.0,1.0,0,1,1,1
HOS-A-00482,CRM-B-01148,0.286,0.581,0,0,0,0
HOS-A-00248,CRM-B-00030,0.421,0.485,0,0,0,0
HOS-A-00730,CRM-B-00730,0.974,1.0,1,1,1,1
HOS-A-00568,CRM-B-00921,0.5,0.452,0,0,0,0
HOS-A-01005,CRM-B-00980,0.276,0.375,0,0,0,0
HOS-A-00599,CRM-B-00252,0.387,0.387,0,0,0,0
HOS-A-00810,CRM-B-00810,1.0,1.0,1,1,1,1
HOS-A-00441,CRM-B-00441,0.947,1.0,1,1,1,1
HOS-A-00468,CRM-B-00251,0.389,0.452,0,0,0,0
HOS-A-00589,CRM-B-00432,0.429,0.312,0,0,0,0
HOS-A-01162,CRM-B-01162,1.0,1.0,1,1,1,1
HOS-A-00630,CRM-B-00630,1.0,1.0,1,1,1,1
HOS-A-00652,CRM-B-00652,1.0,1.0,1,1,1,1
HOS-A-00384,CRM-B-00724,0.387,0.412,0,0,0,0
HOS-A-01200,CRM-B-01200,1.0,1.0,1,1,1,1
HOS-A-00428,CRM-B-00054,0.343,0.5,0,0,0,0
HOS-A-00706,CRM-B-00358,0.692,0.857,0,0,0,0
HOS-A-00523,CRM-B-00523,1.0,1.0,1,1,1,1
HOS-A-00839,CRM-B-00839,1.0,1.0,1,1,1,1
HOS-A-01039,CRM-B-00195,0.512,0.611,0,0,0,0
HOS-A-00980,CRM-B-00980,1.0,1.0,1,1,1,1
HOS-A-00200,CRM-B-00200,1.0,1.0,1,1,1,1
HOS-A-00939,CRM-B-X00241,0.333,0.457,0,0,0,0
HOS-A-01138,CRM-B-01138,1.0,1.0,1,1,1,1
HOS-A-01086,CRM-B-00764-DUP,0.323,0.562,0,0,0,0
HOS-A-00351,CRM-B-X00351,1.0,1.0,1,1,1,1
HOS-A-01129,CRM-B-01129,1.0,1.0,1,1,1,1
HOS-A-00203,CRM-B-00141,0.353,0.357,0,0,0,0
HOS-A-00835,CRM-B-00891,0.417,0.556,0,0,0,0
HOS-A-00212,CRM-B-00212,1.0,1.0,1,1,1,1
HOS-A-00671,CRM-B-00736,0.467,0.387,0,0,0,0
HOS-A-00822,CRM-B-00822,1.0,1.0,1,1,1,1
HOS-A-01074,CRM-B-01074,0.963,1.0,1,1,1,1
HOS-A-00764,CRM-B-00199,0.267,0.412,0,0,0,0
HOS-A-00145,CRM-B-00392,0.359,0.424,0,0,0,0
HOS-A-00288,CRM-B-00136,0.533,0.343,0,0,0,0
HOS-A-01160,CRM-B-01160,1.0,1.0,1,1,1,1
HOS-A-01115,CRM-B-00066,0.37,0.357,0,0,0,0
HOS-A-00397,CRM-B-00818,0.286,0.357,0,0,0,0
HOS-A-01198,CRM-B-00730,0.5,0.882,0,0,0,0
HOS-A-00898,CRM-B-00180,0.333,0.457,0,0,0,0
HOS-A-00462,CRM-B-X00462,1.0,1.0,1,1,1,1
HOS-A-00362,CRM-B-00661,0.345,0.357,0,0,0,0
HOS-A-00913,CRM-B-00899,0.333,0.345,0,0,0,0
HOS-A-01015,CRM-B-01015,1.0,0.97,1,1,1,1
HOS-A-00297,CRM-B-00297,0.963,1.0,1,1,1,1
HOS-A-00442,CRM-B-01010,0.4,0.467,0,0,0,0
HOS-A-00791,CRM-B-00791,1.0,0.966,1,1,1,1
HOS-A-00788,CRM-B-00788,1.0,1.0,1,1,1,1
HOS-A-00930,CRM-B-00930,1.0,1.0,1,1,1,1
HOS-A-00197,CRM-B-00197,1.0,1.0,1,1,1,1
HOS-A-00048,CRM-B-00753,0.429,0.452,0,0,0,0
HOS-A-00643,CRM-B-00919,0.273,0.788,0,0,0,0
HOS-A-00938,CRM-B-00938,1.0,1.0,1,1,1,1
HOS-A-00618,CRM-B-00618,1.0,1.0,1,1,1,1
HOS-A-00030,CRM-B-00030,1.0,0.966,1,1,1,1
HOS-A-00643,CRM-B-00643,1.0,1.0,1,1,1,1
HOS-A-00817,CRM-B-01165,0.324,0.8,0,0,0,0
HOS-A-00331,CRM-B-00312,0.359,0.485,0,0,0,0
HOS-A-00230,CRM-B-00230,0.963,1.0,1,1,1,1
HOS-A-00431,CRM-B-X00431,1.0,1.0,1,1,1,1
HOS-A-00189,CRM-B-00189,0.973,1.0,1,1,1,1
HOS-A-00408,CRM-B-00408,1.0,1.0,1,1,1,1
HOS-A-01046,CRM-B-00643,0.476,0.414,0,0,0,0
HOS-A-00567,CRM-B-01073,0.312,0.556,0,0,0,0
HOS-A-00211,CRM-B-00211-DUP,1.0,1.0,0,1,1,1
HOS-A-00473,CRM-B-00473,1.0,1.0,1,1,1,1
HOS-A-00686,CRM-B-00686,0.966,1.0,1,1,1,1
HOS-A-00260,CRM-B-00260,1.0,1.0,1,1,1,1
HOS-A-00603,CRM-B-00603,1.0,1.0,1,1,1,1
HOS-A-00950,CRM-B-00225,0.286,0.444,0,0,0,0
HOS-A-00820,CRM-B-00820,1.0,1.0,1,1,1,1
HOS-A-00531,CRM-B-01179,0.357,0.9,0,0,0,0
HOS-A-00280,CRM-B-00280,1.0,1.0,1,1,1,1
HOS-A-00409,CRM-B-00409,0.97,1.0,1,1,1,1
HOS-A-00908,CRM-B-00980,0.462,0.944,0,0,0,0
HOS-A-00495,CRM-B-00185,0.364,0.556,0,0,0,0
HOS-A-00941,CRM-B-00941,0.96,1.0,1,1,1,1
HOS-A-00194,CRM-B-01165,0.303,0.286,0,0,0,0
HOS-A-00538,CRM-B-00314,0.387,0.4,0,0,0,0
HOS-A-00070,CRM-B-00070,1.0,1.0,1,1,1,1
HOS-A-01026,CRM-B-00650,0.345,0.37,0,0,0,0
HOS-A-00118,CRM-B-X01181,0.462,0.424,0,0,0,0
HOS-A-00439,CRM-B-00439,1.0,1.0,1,1,1,1
HOS-A-00312,CRM-B-00594,0.389,0.452,0,0,0,0
HOS-A-00999,CRM-B-00999,0.966,1.0,1,1,1,1
HOS-A-01199,CRM-B-01077,0.4,0.345,0,0,0,0
HOS-A-00097,CRM-B-X00097,1.0,1.0,1,1,1,1
HOS-A-00283,CRM-B-00283,1.0,1.0,1,1,1,1
HOS-A-01068,CRM-B-00502,0.375,0.471,0,0,0,0
HOS-A-01008,CRM-B-00993,0.741,0.387,0,0,0,0
HOS-A-00415,CRM-B-00438,0.343,0.467,0,0,0,0
HOS-A-00012,CRM-B-00063,0.294,0.649,0,0,0,0
HOS-A-01166,CRM-B-01166,1.0,0.963,0,1,1,1
HOS-A-00928,CRM-B-00928,1.0,1.0,1,1,1,1
HOS-A-00188,CRM-B-00127,0.667,0.471,0,0,0,0
HOS-A-00982,CRM-B-00294,0.444,0.516,0,0,0,0
HOS-A-01002,CRM-B-01002,1.0,1.0,1,1,1,1
HOS-A-00024,CRM-B-00434,0.667,0.533,0,0,0,0
HOS-A-00472,CRM-B-00472,1.0,1.0,1,1,1,1
HOS-A-00417,CRM-B-00417,1.0,1.0,1,1,1,1
HOS-A-00255,CRM-B-00255,1.0,1.0,1,1,1,1
HOS-A-00413,CRM-B-00605,0.519,0.875,0,0,0,0
HOS-A-00444,CRM-B-00444,1.0,1.0,1,1,1,1
HOS-A-01057,CRM-B-01057,1.0,1.0,1,1,1,1
HOS-A-00273,CRM-B-01147,0.231,0.467,0,0,0,0
HOS-A-00252,CRM-B-00252,1.0,1.0,1,1,1,1
HOS-A-01108,CRM-B-00374,0.286,0.267,0,0,0,0
HOS-A-00584,CRM-B-01064,0.45,0.944,0,0,0,0
HOS-A-00843,CRM-B-00897,0.462,0.471,0,0,0,0
HOS-A-00287,CRM-B-00366,0.294,0.286,0,0,0,0
HOS-A-00760,CRM-B-00760,0.96,0.971,1,1,1,1
HOS-A-00901,CRM-B-00901,0.96,1.0,1,1,1,1
HOS-A-00434,CRM-B-00434-DUP,1.0,1.0,0,1,1,1
HOS-A-01168,CRM-B-00276,0.5,0.412,0,0,0,0
HOS-A-00165,CRM-B-00961,0.378,0.621,0,0,0,0
HOS-A-01065,CRM-B-X01065,1.0,0.966,1,1,1,1
HOS-A-00501,CRM-B-00048,0.231,0.438,0,0,0,0
HOS-A-00638,CRM-B-00638,1.0,1.0,1,1,1,1
HOS-A-01051,CRM-B-01051,1.0,1.0,1,1,1,1
HOS-A-00931,CRM-B-00931,1.0,1.0,1,1,1,1
HOS-A-00314,CRM-B-00626,0.467,0.769,0,0,0,0
HOS-A-00195,CRM-B-00434,0.378,0.485,0,0,0,0
HOS-A-00579,CRM-B-00012,0.242,0.595,0,0,0,0
HOS-A-00950,CRM-B-00950,1.0,1.0,1,1,1,1
HOS-A-00526,CRM-B-00902,0.343,0.467,0,0,0,0
HOS-A-00150,CRM-B-00150,1.0,1.0,1,1,1,1
HOS-A-00209,CRM-B-X00209,1.0,1.0,1,1,1,1
HOS-A-00997,CRM-B-X00460,0.375,0.485,0,0,0,0
HOS-A-00403,CRM-B-00403,1.0,1.0,1,1,1,1
HOS-A-01142,CRM-B-01103,0.444,0.444,0,0,0,0
HOS-A-00841,CRM-B-00841,0.957,1.0,1,1,1,1
HOS-A-00483,CRM-B-00483,1.0,1.0,1,1,1,1
HOS-A-00169,CRM-B-00253,0.345,0.8,0,0,0,0
HOS-A-01049,CRM-B-00712,0.308,0.303,0,0,0,0
HOS-A-00858,CRM-B-00858,1.0,1.0,1,1,1,1
HOS-A-01018,CRM-B-01018,1.0,0.971,1,1,1,1
HOS-A-00894,CRM-B-00357-DUP,0.609,0.429,0,0,0,0
HOS-A-00994,CRM-B-00994,1.0,1.0,1,1,1,1
HOS-A-01032,CRM-B-00071,0.324,0.387,0,0,0,0
HOS-A-00976,CRM-B-00006,0.4,0.516,0,0,0,0
HOS-A-00510,CRM-B-00510,1.0,1.0,0,1,1,1
HOS-A-00388,CRM-B-00388,1.0,1.0,0,1,1,1
HOS-A-00545,CRM-B-00545,1.0,1.0,1,1,1,1
HOS-A-00354,CRM-B-00354,1.0,1.0,1,1,1,1
HOS-A-00175,CRM-B-00840,0.435,0.353,0,0,0,0
HOS-A-00948,CRM-B-00184,0.435,0.353,0,0,0,0
HOS-A-00310,CRM-B-00785,0.316,0.364,0,0,0,0
HOS-A-00021,CRM-B-00392,0.293,0.375,0,0,0,0
HOS-A-00362,CRM-B-00362,1.0,0.963,1,1,1,1
HOS-A-00644,CRM-B-00644,1.0,1.0,1,1,1,1
HOS-A-00050,CRM-B-00050,1.0,1.0,1,1,1,1
HOS-A-00068,CRM-B-00068,1.0,1.0,1,1,1,1
HOS-A-00673,CRM-B-00673,1.0,1.0,1,1,1,1
HOS-A-00049,CRM-B-00049,1.0,1.0,1,1,1,1
HOS-A-01195,CRM-B-01195,1.0,0.97,1,1,1,1
HOS-A-00991,CRM-B-00900,0.312,0.412,0,0,0,0
HOS-A-01167,CRM-B-00231,0.444,0.9,0,0,0,0
HOS-A-00799,CRM-B-00799,1.0,1.0,1,1,1,1
HOS-A-00125,CRM-B-00125,1.0,0.97,1,1,1,1
HOS-A-00481,CRM-B-00481,1.0,1.0,1,1,1,1
HOS-A-00860,CRM-B-00860,1.0,1.0,1,1,1,1
HOS-A-00355,CRM-B-00355,1.0,1.0,0,1,1,1
HOS-A-01004,CRM-B-00300,0.432,0.5,0,0,0,0
HOS-A-00927,CRM-B-00927,1.0,1.0,1,1,1,1
HOS-A-00536,CRM-B-01084,0.303,0.222,0,0,0,0
HOS-A-00633,CRM-B-X00633,1.0,1.0,1,1,1,1
HOS-A-00952,CRM-B-00233,0.471,0.242,0,0,0,0
HOS-A-00479,CRM-B-00479,0.976,0.966,1,1,1,1
HOS-A-00882,CRM-B-00882,1.0,1.0,1,1,1,1
HOS-A-00712,CRM-B-00552,0.667,0.353,0,0,0,0
HOS-A-00067,CRM-B-00736,0.462,0.485,0,0,0,0
HOS-A-00436,CRM-B-X00436,1.0,0.971,1,1,1,1
HOS-A-00801,CRM-B-00294-DUP,0.37,0.429,0,0,0,0
HOS-A-00901,CRM-B-00810,0.345,0.552,0,0,0,0
HOS-A-00241,CRM-B-X00241,1.0,1.0,0,1,1,1
HOS-A-00071,CRM-B-00071,1.0,1.0,1,1,1,1
HOS-A-00368,CRM-B-00368,1.0,1.0,1,1,1,1
HOS-A-00433,CRM-B-00433,1.0,1.0,1,1,1,1
HOS-A-00074,CRM-B-00074,1.0,1.0,0,1,1,1
HOS-A-01072,CRM-B-01072,1.0,1.0,0,1,1,1
HOS-A-00998,CRM-B-00815,0.4,0.444,0,0,0,0
HOS-A-00533,CRM-B-00533,1.0,1.0,1,1,1,1
HOS-A-00555,CRM-B-00555,1.0,1.0,1,1,1,1
HOS-A-00577,CRM-B-00757,0.273,0.839,0,0,0,0
HOS-A-00531,CRM-B-00531,0.96,0.976,1,1,1,1
HOS-A-00933,CRM-B-00933,1.0,1.0,1,1,1,1
HOS-A-00158,CRM-B-00158,1.0,1.0,1,1,1,1
HOS-A-00611,CRM-B-00611,1.0,1.0,1,1,1,1
HOS-A-00670,CRM-B-00851,0.353,0.387,0,0,0,0
HOS-A-00650,CRM-B-00616,0.214,0.333,0,0,0,0
HOS-A-00343,CRM-B-00343,1.0,1.0,1,1,1,1
HOS-A-01139,CRM-B-01139,0.96,1.0,0,1,1,1
HOS-A-00949,CRM-B-00949,1.0,1.0,1,1,1,1
HOS-A-00504,CRM-B-00940,0.323,0.343,0,0,0,0
HOS-A-00669,CRM-B-00669,1.0,1.0,1,1,1,1
HOS-A-00052,CRM-B-00052,1.0,0.971,1,1,1,1
HOS-A-00822,CRM-B-00197,0.296,0.467,0,0,0,0
HOS-A-00665,CRM-B-00240,0.522,0.412,0,0,0,0
HOS-A-00966,CRM-B-00966,1.0,0.966,1,1,1,1
HOS-A-00766,CRM-B-00586,0.333,0.941,0,0,0,0
HOS-A-00322,CRM-B-00322,1.0,1.0,1,1,1,1
HOS-A-01169,CRM-B-00089,0.308,0.875,0,0,0,0
HOS-A-00557,CRM-B-X00273,0.345,0.4,0,0,0,0
HOS-A-00292,CRM-B-00292,1.0,1.0,1,1,1,1
HOS-A-00358,CRM-B-00841,0.364,0.438,0,0,0,0
HOS-A-00934,CRM-B-01086,0.357,0.516,0,0,0,0
HOS-A-00496,CRM-B-00496,1.0,1.0,1,1,1,1
HOS-A-00485,CRM-B-00873,0.32,0.333,0,0,0,0
HOS-A-00480,CRM-B-00480,1.0,0.971,0,1,1,1
HOS-A-00221,CRM-B-00703,0.286,0.562,0,0,0,0
HOS-A-00348,CRM-B-01197,0.222,0.375,0,0,0,0
HOS-A-01002,CRM-B-00758,0.286,0.357,0,0,0,0
HOS-A-00945,CRM-B-00945,1.0,1.0,1,1,1,1
HOS-A-00114,CRM-B-00217,0.296,0.483,0,0,0,0
HOS-A-00300,CRM-B-00300,0.96,0.971,1,1,1,1
HOS-A-00915,CRM-B-00623,0.348,0.471,0,0,0,0
HOS-A-00333,CRM-B-00333,1.0,1.0,0,1,1,1
HOS-A-00680,CRM-B-00680,1.0,1.0,1,1,1,1
HOS-A-00465,CRM-B-00465,1.0,1.0,1,1,1,1
HOS-A-00735,CRM-B-01152,0.216,0.703,0,0,0,0
HOS-A-00543,CRM-B-00547,0.611,0.611,0,0,0,0
HOS-A-00221,CRM-B-00221,1.0,1.0,1,1,1,1
HOS-A-00657,CRM-B-00787,0.24,0.387,0,0,0,0
HOS-A-00179,CRM-B-00617,0.324,0.467,0,0,0,0
HOS-A-01095,CRM-B-00584,0.343,0.474,0,0,0,0
HOS-A-01196,CRM-B-00720,0.353,0.457,0,0,0,0
HOS-A-00085,CRM-B-00085,1.0,1.0,1,1,1,1
HOS-A-00697,CRM-B-00892,0.4,0.562,0,0,0,0
HOS-A-00680,CRM-B-00719,0.5,0.375,0,0,0,0
HOS-A-00777,CRM-B-01095,0.37,0.412,0,0,0,0
HOS-A-00110,CRM-B-00110,1.0,0.963,1,1,1,1
HOS-A-00857,CRM-B-00857,1.0,1.0,1,1,1,1
HOS-A-00783,CRM-B-00783,1.0,1.0,0,1,1,1
HOS-A-00291,CRM-B-00291,1.0,1.0,1,1,1,1
HOS-A-00805,CRM-B-00490,0.333,0.5,0,0,0,0
HOS-A-00043,CRM-B-00522,0.214,0.387,0,0,0,0
HOS-A-00739,CRM-B-01049,0.261,0.545,0,0,0,0
HOS-A-00832,CRM-B-00832,1.0,1.0,1,1,1,1
HOS-A-00411,CRM-B-00411,1.0,0.976,1,1,1,1
HOS-A-01196,CRM-B-01196,1.0,1.0,1,1,1,1
HOS-A-00615,CRM-B-00418,0.308,0.486,0,0,0,0
HOS-A-01183,CRM-B-01162,0.722,0.485,0,0,0,0
HOS-A-00612,CRM-B-00612,1.0,1.0,1,1,1,1
HOS-A-00213,CRM-B-00213,1.0,1.0,1,1,1,1
HOS-A-00745,CRM-B-00745,1.0,1.0,1,1,1,1
HOS-A-01186,CRM-B-00196,0.609,0.471,0,0,0,0
HOS-A-00651,CRM-B-00651,1.0,1.0,1,1,1,1
HOS-A-00757,CRM-B-00757,1.0,0.968,1,1,1,1
HOS-A-01192,CRM-B-00428,0.619,0.286,0,0,0,0
HOS-A-01042,CRM-B-01042,1.0,1.0,1,1,1,1
HOS-A-00699,CRM-B-00918,0.286,0.412,0,0,0,0
HOS-A-00489,CRM-B-00936,0.308,0.387,0,0,0,0
HOS-A-00019,CRM-B-00019,1.0,1.0,1,1,1,1
HOS-A-00789,CRM-B-00789,1.0,1.0,1,1,1,1
HOS-A-00163,CRM-B-00156,0.48,0.485,0,0,0,0
HOS-A-00872,CRM-B-00867-DUP,0.4,0.579,0,0,0,0
HOS-A-01000,CRM-B-01000,0.968,1.0,1,1,1,1
HOS-A-00743,CRM-B-00743,1.0,1.0,1,1,1,1
HOS-A-00675,CRM-B-00025,0.444,0.457,0,0,0,0
HOS-A-00077,CRM-B-00077,1.0,1.0,1,1,1,1
HOS-A-00451,CRM-B-00451,1.0,1.0,1,1,1,1
HOS-A-00112,CRM-B-00180,0.375,0.343,0,0,0,0
HOS-A-00874,CRM-B-01184,0.483,0.4,0,0,0,0
HOS-A-00214,CRM-B-00479,0.316,0.375,0,0,0,0
HOS-A-00862,CRM-B-00862,1.0,1.0,1,1,1,1
HOS-A-00169,CRM-B-00169,0.96,1.0,1,1,1,1
HOS-A-00793,CRM-B-X00226,0.412,0.438,0,0,0,0
HOS-A-00606,CRM-B-00606,1.0,1.0,1,1,1,1
HOS-A-00026,CRM-B-01166,0.69,0.815,0,0,0,0
HOS-A-00861,CRM-B-01127,0.4,0.357,0,0,0,0
HOS-A-00220,CRM-B-00220,1.0,1.0,1,1,1,1
HOS-A-00614,CRM-B-00614-DUP,1.0,1.0,0,1,1,1
HOS-A-00186,CRM-B-00489,0.276,0.429,0,0,0,0
HOS-A-00336,CRM-B-00016,0.37,0.353,0,0,0,0
HOS-A-00304,CRM-B-00304,0.968,1.0,1,1,1,1
HOS-A-00373,CRM-B-00294-DUP,0.368,0.483,0,0,0,0
HOS-A-00050,CRM-B-01092,0.364,0.467,0,0,0,0
HOS-A-00989,CRM-B-00989,1.0,1.0,0,1,1,1
HOS-A-00359,CRM-B-00546,0.5,0.357,0,0,0,0
HOS-A-00905,CRM-B-00318,0.231,0.467,0,0,0,0
HOS-A-00652,CRM-B-01146,0.452,0.387,0,0,0,0
HOS-A-00914,CRM-B-00914,1.0,1.0,0,1,1,1
HOS-A-00801,CRM-B-00801,1.0,1.0,1,1,1,1
HOS-A-01111,CRM-B-01111,1.0,1.0,1,1,1,1
HOS-A-00681,CRM-B-00908-DUP,0.308,0.375,0,0,0,0
HOS-A-00369,CRM-B-00369-DUP,1.0,1.0,0,1,1,1
HOS-A-00232,CRM-B-00232,1.0,0.971,1,1,1,1
HOS-A-00646,CRM-B-00332,0.444,0.4,0,0,0,0
HOS-A-00136,CRM-B-00136,1.0,0.971,1,1,1,1
HOS-A-00026,CRM-B-X00026,1.0,1.0,1,1,1,1
HOS-A-01171,CRM-B-01171,1.0,1.0,1,1,1,1
HOS-A-00080,CRM-B-00432,0.345,0.457,0,0,0,0
HOS-A-00890,CRM-B-00890,1.0,0.963,1,1,1,1
HOS-A-00893,CRM-B-00549,0.258,0.4,0,0,0,0
HOS-A-00974,CRM-B-00974,1.0,1.0,1,1,1,1
HOS-A-00193,CRM-B-00193,1.0,1.0,1,1,1,1
HOS-A-00290,CRM-B-00290,1.0,1.0,1,1,1,1
HOS-A-00787,CRM-B-00787,1.0,0.97,1,1,1,1
HOS-A-00250,CRM-B-00466,0.462,0.882,0,0,0,0
HOS-A-00167,CRM-B-01052,0.286,0.375,0,0,0,0
HOS-A-00530,CRM-B-01106,0.32,0.923,0,0,0,0
HOS-A-01086,CRM-B-01086,1.0,1.0,1,1,1,1
HOS-A-00737,CRM-B-00737,1.0,1.0,1,1,1,1
HOS-A-00874,CRM-B-00874,1.0,1.0,1,1,1,1
HOS-A-00129,CRM-B-00129,1.0,1.0,1,1,1,1
HOS-A-00810,CRM-B-01180,0.267,0.452,0,0,0,0
HOS-A-00794,CRM-B-00129,0.462,0.444,0,0,0,0
HOS-A-00678,CRM-B-00678,1.0,0.966,1,1,1,1
HOS-A-00295,CRM-B-00486,0.421,0.467,0,0,0,0
HOS-A-00234,CRM-B-00234,1.0,1.0,1,1,1,1
HOS-A-00811,CRM-B-00811,1.0,1.0,0,1,1,1
HOS-A-00308,CRM-B-00308,0.96,1.0,1,1,1,1
HOS-A-00509,CRM-B-00509,1.0,1.0,1,1,1,1
HOS-A-00430,CRM-B-00516,0.296,0.412,0,0,0,0
HOS-A-00384,CRM-B-00384,1.0,1.0,0,1,1,1
HOS-A-00858,CRM-B-00328,0.533,0.438,0,0,0,0
HOS-A-00943,CRM-B-00943,1.0,1.0,1,1,1,1
HOS-A-01023,CRM-B-00671,0.438,0.471,0,0,0,0
HOS-A-00508,CRM-B-00508,1.0,1.0,1,1,1,1
HOS-A-00178,CRM-B-00178,1.0,1.0,1,1,1,1
HOS-A-00427,CRM-B-00427,1.0,1.0,1,1,1,1
HOS-A-00381,CRM-B-00252,0.538,0.387,0,0,0,0
HOS-A-00695,CRM-B-00695,0.979,1.0,1,1,1,1
HOS-A-00927,CRM-B-01024,0.435,0.486,0,0,0,0
HOS-A-00185,CRM-B-00185,1.0,1.0,1,1,1,1
HOS-A-00585,CRM-B-01080,0.417,0.452,0,0,0,0
HOS-A-00968,CRM-B-01004,0.511,0.811,0,0,0,0
HOS-A-00609,CRM-B-00912,0.296,0.387,0,0,0,0
HOS-A-01058,CRM-B-00337,0.385,0.286,0,0,0,0
HOS-A-00299,CRM-B-00299,1.0,1.0,1,1,1,1
HOS-A-01037,CRM-B-01037,0.963,0.97,1,1,1,1
HOS-A-01001,CRM-B-01001,0.966,1.0,1,1,1,1
HOS-A-00622,CRM-B-00622,1.0,1.0,0,1,1,1
HOS-A-00931,CRM-B-00101,0.452,0.562,0,0,0,0
HOS-A-01120,CRM-B-00584,0.32,0.229,0,0,0,0
HOS-A-00582,CRM-B-00582,1.0,1.0,1,1,1,1
HOS-A-00767,CRM-B-00447,0.424,0.529,0,0,0,0
HOS-A-00179,CRM-B-00179-DUP,0.98,1.0,0,1,1,1
HOS-A-00975,CRM-B-00527,0.389,0.529,0,0,0,0
HOS-A-00325,CRM-B-00325,1.0,0.968,1,1,1,1
HOS-A-00566,CRM-B-X00566,1.0,0.963,1,1,1,1
HOS-A-00038,CRM-B-00756,0.286,0.533,0,0,0,0
HOS-A-00141,CRM-B-01003,0.323,0.4,0,0,0,0
HOS-A-00565,CRM-B-00565,1.0,1.0,1,1,1,1
HOS-A-00119,CRM-B-00119,0.976,1.0,1,1,1,1
HOS-A-00487,CRM-B-00487,0.963,1.0,0,1,1,1
HOS-A-00093,CRM-B-00988,0.37,0.516,0,0,0,0
HOS-A-00282,CRM-B-00282,0.952,0.966,1,1,1,1
HOS-A-00255,CRM-B-00422,0.343,0.485,0,0,0,0
HOS-A-00529,CRM-B-00529,1.0,1.0,1,1,1,1
HOS-A-00447,CRM-B-00503,0.667,0.471,0,0,0,0
HOS-A-00655,CRM-B-00655,1.0,1.0,1,1,1,1
HOS-A-00835,CRM-B-00835,1.0,1.0,0,1,1,1
HOS-A-00162,CRM-B-01123,0.424,0.467,0,0,0,0
HOS-A-00837,CRM-B-00929,0.516,0.4,0,0,0,0
HOS-A-00668,CRM-B-00689,0.769,0.647,0,0,0,0
HOS-A-00262,CRM-B-00524,0.424,0.457,0,0,0,0
HOS-A-00977,CRM-B-00977,1.0,1.0,1,1,1,1
HOS-A-00619,CRM-B-00619,1.0,1.0,1,1,1,1
HOS-A-00527,CRM-B-00264,0.372,0.452,0,0,0,0
HOS-A-00367,CRM-B-00367,1.0,0.97,1,1,1,1
HOS-A-00022,CRM-B-01078,0.385,0.882,0,0,0,0
HOS-A-01073,CRM-B-00569,0.541,0.812,0,0,0,0
HOS-A-00044,CRM-B-00044,1.0,1.0,1,1,1,1
HOS-A-00734,CRM-B-00734,1.0,1.0,1,1,1,1
HOS-A-01019,CRM-B-00305,0.353,0.4,0,0,0,0
HOS-A-00633,CRM-B-00488,0.333,0.312,0,0,0,0
HOS-A-00204,CRM-B-00204,1.0,1.0,1,1,1,1
HOS-A-00175,CRM-B-00175,1.0,1.0,1,1,1,1
HOS-A-00421,CRM-B-00421,1.0,1.0,1,1,1,1
HOS-A-00893,CRM-B-00893-DUP,1.0,1.0,0,1,1,1
HOS-A-00121,CRM-B-00121,1.0,0.968,1,1,1,1
HOS-A-00284,CRM-B-00284,1.0,1.0,1,1,1,1
HOS-A-00528,CRM-B-00918,0.4,0.452,0,0,0,0
HOS-A-00785,CRM-B-00928,0.4,0.303,0,0,0,0
HOS-A-00648,CRM-B-00648,1.0,1.0,1,1,1,1
HOS-A-01177,CRM-B-01177,1.0,1.0,1,1,1,1
HOS-A-00207,CRM-B-00960,0.688,0.649,0,0,0,0
HOS-A-00237,CRM-B-00838,0.256,0.452,0,0,0,0
HOS-A-00752,CRM-B-00625,0.4,0.424,0,0,0,0
HOS-A-00600,CRM-B-00600,1.0,1.0,1,1,1,1
HOS-A-00276,CRM-B-00276,1.0,1.0,1,1,1,1
HOS-A-00784,CRM-B-00562,0.286,0.412,0,0,0,0
HOS-A-01090,CRM-B-01090,1.0,1.0,1,1,1,1
HOS-A-00361,CRM-B-00361,1.0,0.968,1,1,1,1
HOS-A-00408,CRM-B-00930,0.37,0.452,0,0,0,0
HOS-A-00849,CRM-B-00844,0.308,0.581,0,0,0,0
HOS-A-01188,CRM-B-01188,1.0,1.0,1,1,1,1
HOS-A-00949,CRM-B-00442,0.412,0.438,0,0,0,0
HOS-A-00458,CRM-B-00458,1.0,1.0,1,1,1,1
HOS-A-00705,CRM-B-00644,0.429,0.312,0,0,0,0
HOS-A-00742,CRM-B-00742,0.952,1.0,1,1,1,1
HOS-A-00228,CRM-B-00798,0.364,0.452,0,0,0,0
HOS-A-00614,CRM-B-00648,0.444,0.6,0,0,0,0
HOS-A-00363,CRM-B-00258,0.429,0.471,0,0,0,0
HOS-A-00776,CRM-B-00107,0.765,0.375,0,0,0,0
HOS-A-00287,CRM-B-00287,1.0,1.0,1,1,1,1
HOS-A-00989,CRM-B-01074,0.323,0.4,0,0,0,0
HOS-A-00407,CRM-B-00407,1.0,1.0,1,1,1,1
HOS-A-00412,CRM-B-00694,0.35,0.412,0,0,0,0
HOS-A-00164,CRM-B-00164,1.0,1.0,1,1,1,1
HOS-A-00696,CRM-B-00696,1.0,1.0,1,1,1,1
HOS-A-00005,CRM-B-00439,0.324,0.562,0,0,0,0
HOS-A-00424,CRM-B-00424,1.0,1.0,1,1,1,1
HOS-A-00441,CRM-B-01200,0.32,0.452,0,0,0,0
HOS-A-00247,CRM-B-01069,0.312,0.387,0,0,0,0
HOS-A-00238,CRM-B-00361,0.276,0.364,0,0,0,0
HOS-A-00079,CRM-B-01102,0.308,0.424,0,0,0,0
HOS-A-00066,CRM-B-00066,1.0,1.0,1,1,1,1
HOS-A-01100,CRM-B-01121,0.476,0.588,0,0,0,0
HOS-A-00514,CRM-B-00292,0.37,0.412,0,0,0,0
HOS-A-01147,CRM-B-00522,0.214,0.387,0,0,0,0
HOS-A-00319,CRM-B-00198,0.296,0.467,0,0,0,0
HOS-A-00231,CRM-B-00231,1.0,1.0,0,1,1,1
HOS-A-00549,CRM-B-00153,0.846,0.786,0,0,0,0
HOS-A-00583,CRM-B-00583,1.0,1.0,1,1,1,1
HOS-A-00213,CRM-B-00935,0.294,0.483,0,0,0,0
HOS-A-00264,CRM-B-00564,0.256,0.941,0,0,0,0
HOS-A-00597,CRM-B-00597,1.0,1.0,1,1,1,1
HOS-A-00932,CRM-B-00932,1.0,1.0,1,1,1,1
HOS-A-00375,CRM-B-00375,1.0,0.976,1,1,1,1
HOS-A-00621,CRM-B-00621,1.0,1.0,1,1,1,1
HOS-A-00183,CRM-B-01022,0.4,0.485,0,0,0,0
HOS-A-01021,CRM-B-00928,0.488,0.562,0,0,0,0
HOS-A-00298,CRM-B-00298,1.0,1.0,1,1,1,1
HOS-A-00134,CRM-B-00863,0.429,0.444,0,0,0,0
HOS-A-00100,CRM-B-00100,1.0,1.0,1,1,1,1
HOS-A-00671,CRM-B-00671,1.0,1.0,1,1,1,1
HOS-A-00694,CRM-B-00694,0.971,1.0,1,1,1,1
HOS-A-00530,CRM-B-X00530,1.0,1.0,1,1,1,1
HOS-A-00851,CRM-B-01077,0.4,0.345,0,0,0,0
HOS-A-01001,CRM-B-00935,0.485,0.452,0,0,0,0
HOS-A-00910,CRM-B-00794,0.414,0.4,0,0,0,0
HOS-A-00186,CRM-B-00186,1.0,1.0,1,1,1,1
HOS-A-01153,CRM-B-01157,0.368,0.516,0,0,0,0
HOS-A-00884,CRM-B-00884,1.0,0.973,1,1,1,1
HOS-A-00042,CRM-B-01195,0.364,0.387,0,0,0,0
HOS-A-00294,CRM-B-01127-DUP,0.429,0.357,0,0,0,0
HOS-A-00512,CRM-B-00512,0.968,0.973,1,1,1,1
HOS-A-00592,CRM-B-00960,0.452,0.353,0,0,0,0
HOS-A-01030,CRM-B-X01030,1.0,1.0,0,1,1,1
HOS-A-00064,CRM-B-00896,0.72,0.278,0,0,0,0
HOS-A-01005,CRM-B-01005,1.0,1.0,1,1,1,1
HOS-A-00211,CRM-B-01130,0.278,0.414,0,0,0,0
HOS-A-00953,CRM-B-00953,1.0,1.0,1,1,1,1
HOS-A-00876,CRM-B-00857,0.455,0.545,0,0,0,0
HOS-A-00907,CRM-B-00907,1.0,1.0,1,1,1,1
HOS-A-00985,CRM-B-00957,0.263,0.69,0,0,0,0
HOS-A-00024,CRM-B-00024,1.0,1.0,1,1,1,1
HOS-A-01006,CRM-B-01006,0.973,1.0,1,1,1,1
HOS-A-00551,CRM-B-X00462,0.333,0.357,0,0,0,0
HOS-A-00808,CRM-B-00808,0.963,0.971,1,1,1,1
HOS-A-01094,CRM-B-00585,0.429,0.37,0,0,0,0
HOS-A-00354,CRM-B-00966,0.25,0.759,0,0,0,0
HOS-A-01003,CRM-B-00767,0.417,0.333,0,0,0,0
HOS-A-00747,CRM-B-00607,0.312,0.556,0,0,0,0
HOS-A-00880,CRM-B-00050,0.312,0.333,0,0,0,0
HOS-A-00312,CRM-B-00312,1.0,1.0,1,1,1,1
HOS-A-00352,CRM-B-00352,0.963,1.0,1,1,1,1
HOS-A-00549,CRM-B-00549,1.0,1.0,1,1,1,1
HOS-A-00307,CRM-B-00307,1.0,0.97,1,1,1,1
HOS-A-00288,CRM-B-00288,1.0,1.0,1,1,1,1
HOS-A-00532,CRM-B-00628,0.538,0.882,0,0,0,0
HOS-A-01034,CRM-B-01034,1.0,1.0,1,1,1,1
HOS-A-00059,CRM-B-00158,0.387,0.444,0,0,0,0
HOS-A-01156,CRM-B-00214,0.485,0.471,0,0,0,0
HOS-A-00260,CRM-B-00005,0.387,0.588,0,0,0,0
HOS-A-00844,CRM-B-00141,0.364,0.516,0,0,0,0
HOS-A-00637,CRM-B-00637,1.0,1.0,1,1,1,1
HOS-A-00105,CRM-B-01155,0.387,0.471,0,0,0,0
HOS-A-00345,CRM-B-00307,0.333,0.387,0,0,0,0
HOS-A-00108,CRM-B-00432,0.538,0.882,0,0,0,0
HOS-A-01044,CRM-B-01044,0.963,1.0,1,1,1,1
HOS-A-00014,CRM-B-00014,1.0,0.963,1,1,1,1
HOS-A-00073,CRM-B-01055,0.3,0.345,0,0,0,0
HOS-A-00515,CRM-B-00515,1.0,1.0,1,1,1,1
HOS-A-00410,CRM-B-00410,1.0,0.963,1,1,1,1
HOS-A-00276,CRM-B-00621,0.4,0.452,0,0,0,0
HOS-A-00314,CRM-B-00314,1.0,1.0,1,1,1,1
HOS-A-00498,CRM-B-00442,0.296,0.581,0,0,0,0
HOS-A-00679,CRM-B-00679,1.0,1.0,1,1,1,1
HOS-A-00121,CRM-B-X00759,0.27,0.389,0,0,0,0
HOS-A-00300,CRM-B-00832,0.231,0.294,0,0,0,0
HOS-A-00082,CRM-B-00110,0.296,0.452,0,0,0,0
HOS-A-00383,CRM-B-00383,1.0,1.0,1,1,1,1
HOS-A-00837,CRM-B-00837,1.0,0.966,1,1,1,1
HOS-A-00267,CRM-B-00962,0.457,0.485,0,0,0,0
HOS-A-00599,CRM-B-00599,1.0,1.0,1,1,1,1
HOS-A-00830,CRM-B-01092,0.323,0.533,0,0,0,0
HOS-A-00491,CRM-B-00168,0.462,0.387,0,0,0,0
HOS-A-00264,CRM-B-00264,0.978,1.0,1,1,1,1
HOS-A-00873,CRM-B-00159,0.381,0.471,0,0,0,0
HOS-A-00631,CRM-B-00631,1.0,1.0,0,1,1,1
HOS-A-00964,CRM-B-00964,1.0,1.0,0,1,1,1
HOS-A-00407,CRM-B-00077,0.5,0.467,0,0,0,0
HOS-A-00986,CRM-B-00684,0.286,0.533,0,0,0,0
HOS-A-00142,CRM-B-00211,0.438,0.424,0,0,0,0
HOS-A-00009,CRM-B-00009,1.0,1.0,1,1,1,1
HOS-A-00317,CRM-B-00317,1.0,1.0,1,1,1,1
HOS-A-00305,CRM-B-00305,1.0,1.0,1,1,1,1
HOS-A-00428,CRM-B-00428,1.0,1.0,1,1,1,1
HOS-A-00106,CRM-B-00106,1.0,0.971,1,1,1,1
HOS-A-00610,CRM-B-00358,0.324,0.8,0,0,0,0
HOS-A-00122,CRM-B-00122,1.0,1.0,1,1,1,1
HOS-A-00206,CRM-B-00550,0.37,0.467,0,0,0,0
HOS-A-00394,CRM-B-00466,0.385,0.824,0,0,0,0
HOS-A-01193,CRM-B-01193,1.0,0.97,1,1,1,1
HOS-A-00409,CRM-B-X00437,0.345,0.452,0,0,0,0
HOS-A-00116,CRM-B-00116,1.0,1.0,1,1,1,1
HOS-A-01152,CRM-B-01152-DUP,1.0,1.0,0,1,1,1
HOS-A-00212,CRM-B-01141,0.273,0.485,0,0,0,0
HOS-A-01040,CRM-B-00199,0.25,0.471,0,0,0,0
HOS-A-01133,CRM-B-01133,0.96,1.0,0,1,1,1
HOS-A-00809,CRM-B-X00809,1.0,1.0,1,1,1,1
HOS-A-00281,CRM-B-00994,0.4,0.424,0,0,0,0
HOS-A-00242,CRM-B-00149,0.368,0.552,0,0,0,0
HOS-A-00592,CRM-B-00592,1.0,1.0,1,1,1,1
HOS-A-00846,CRM-B-X00846,1.0,1.0,1,1,1,1
HOS-A-01187,CRM-B-00968,0.324,0.375,0,0,0,0
HOS-A-01103,CRM-B-01103,1.0,1.0,1,1,1,1
HOS-A-01096,CRM-B-00042,0.296,0.452,0,0,0,0
HOS-A-00553,CRM-B-00553,1.0,1.0,0,1,1,1
HOS-A-00088,CRM-B-00088,0.971,1.0,1,1,1,1
HOS-A-00962,CRM-B-00903,0.286,0.485,0,0,0,0
HOS-A-01141,CRM-B-00788,0.4,0.364,0,0,0,0
HOS-A-00458,CRM-B-00621,0.308,0.37,0,0,0,0
HOS-A-01075,CRM-B-00312,0.364,0.424,0,0,0,0
HOS-A-00733,CRM-B-00480,0.278,0.364,0,0,0,0
HOS-A-00814,CRM-B-00891,0.452,0.541,0,0,0,0
HOS-A-00544,CRM-B-00544,1.0,0.971,0,1,1,1
HOS-A-00395,CRM-B-00321,0.27,0.414,0,0,0,0
HOS-A-00930,CRM-B-00874,0.296,0.516,0,0,0,0
HOS-A-00495,CRM-B-00495,1.0,1.0,0,1,1,1
HOS-A-01072,CRM-B-00919,0.324,0.412,0,0,0,0
HOS-A-01195,CRM-B-00465,0.414,0.4,0,0,0,0
HOS-A-00204,CRM-B-01015,0.348,0.353,0,0,0,0
HOS-A-00965,CRM-B-00965,1.0,1.0,1,1,1,1
HOS-A-00072,CRM-B-00072,0.96,1.0,1,1,1,1
HOS-A-00064,CRM-B-00064,1.0,1.0,1,1,1,1
HOS-A-00842,CRM-B-00842,1.0,1.0,1,1,1,1
HOS-A-00454,CRM-B-00723,0.364,0.432,0,0,0,0
HOS-A-00635,CRM-B-00039-DUP,0.37,0.529,0,0,0,0
HOS-A-00045,CRM-B-00908,0.429,0.375,0,0,0,0
HOS-A-00553,CRM-B-00665,0.345,0.5,0,0,0,0
HOS-A-00501,CRM-B-00501,1.0,1.0,1,1,1,1
HOS-A-00222,CRM-B-00841,0.24,0.414,0,0,0,0
HOS-A-00184,CRM-B-00893,0.414,0.242,0,0,0,0
HOS-A-00605,CRM-B-00053,0.37,0.875,0,0,0,0
HOS-A-00756,CRM-B-00756,1.0,1.0,0,1,1,1
HOS-A-00206,CRM-B-00206,0.96,1.0,1,1,1,1
HOS-A-00908,CRM-B-00908-DUP,1.0,1.0,0,1,1,1
HOS-A-01074,CRM-B-01081,0.357,0.483,0,0,0,0
HOS-A-00558,CRM-B-00558,1.0,1.0,1,1,1,1
HOS-A-00378,CRM-B-00378,1.0,1.0,0,1,1,1
HOS-A-00536,CRM-B-00536,1.0,1.0,1,1,1,1
HOS-A-01173,CRM-B-00230,0.417,0.519,0,0,0,0
HOS-A-00880,CRM-B-00880,1.0,1.0,1,1,1,1
HOS-A-00199,CRM-B-00199,1.0,1.0,1,1,1,1
HOS-A-00562,CRM-B-00562,1.0,1.0,0,1,1,1
HOS-A-01101,CRM-B-01101,1.0,1.0,1,1,1,1
HOS-A-00591,CRM-B-00591,0.97,1.0,0,1,1,1
HOS-A-00520,CRM-B-00520,0.957,1.0,1,1,1,1
HOS-A-00309,CRM-B-00309,0.981,1.0,1,1,1,1
HOS-A-00742,CRM-B-01089,0.25,0.438,0,0,0,0
HOS-A-00868,CRM-B-00537,0.424,0.516,0,0,0,0
HOS-A-01062,CRM-B-X01062,1.0,1.0,1,1,1,1
HOS-A-00060,CRM-B-00060,1.0,1.0,1,1,1,1
HOS-A-00903,CRM-B-00903,1.0,1.0,1,1,1,1
HOS-A-01095,CRM-B-01095,1.0,1.0,1,1,1,1
HOS-A-00208,CRM-B-00208,0.968,1.0,1,1,1,1
HOS-A-00636,CRM-B-00301,0.303,0.312,0,0,0,0
HOS-A-00706,CRM-B-00706,1.0,1.0,1,1,1,1
HOS-A-00157,CRM-B-00721,0.426,0.839,0,0,0,0
HOS-A-00163,CRM-B-00163,1.0,1.0,0,1,1,1
HOS-A-01182,CRM-B-01182,1.0,1.0,1,1,1,1
HOS-A-00587,CRM-B-00434,0.581,0.37,0,0,0,0
HOS-A-01170,CRM-B-00074,0.444,0.444,0,0,0,0
HOS-A-00257,CRM-B-00257,0.957,1.0,1,1,1,1
HOS-A-00507,CRM-B-00507,1.0,1.0,1,1,1,1
HOS-A-00580,CRM-B-00698,0.333,0.333,0,0,0,0
HOS-A-00816,CRM-B-00588,0.593,0.882,0,0,0,0
HOS-A-01158,CRM-B-00932,0.421,0.5,0,0,0,0
HOS-A-00701,CRM-B-00701,1.0,1.0,1,1,1,1
HOS-A-00313,CRM-B-00904,0.581,0.562,0,0,0,0
HOS-A-00021,CRM-B-00021,1.0,1.0,1,1,1,1
HOS-A-00070,CRM-B-00526,0.357,0.824,0,0,0,0
HOS-A-00916,CRM-B-00916,1.0,0.971,1,1,1,1
HOS-A-00382,CRM-B-00382,1.0,1.0,1,1,1,1
HOS-A-00539,CRM-B-00539,0.963,0.966,1,1,1,1
HOS-A-00443,CRM-B-00229,0.545,0.414,0,0,0,0
HOS-A-01125,CRM-B-01125,0.966,1.0,1,1,1,1
HOS-A-00084,CRM-B-00084,1.0,1.0,1,1,1,1
HOS-A-00906,CRM-B-00653,0.296,0.4,0,0,0,0
HOS-A-01088,CRM-B-01088,1.0,0.973,1,1,1,1
HOS-A-00544,CRM-B-X01030,0.385,0.412,0,0,0,0
HOS-A-00966,CRM-B-00375,0.261,0.4,0,0,0,0
HOS-A-00271,CRM-B-00271,1.0,1.0,1,1,1,1
HOS-A-00944,CRM-B-01090,0.357,0.343,0,0,0,0
HOS-A-01009,CRM-B-01168,0.552,0.5,0,0,0,0
HOS-A-00318,CRM-B-01115,0.333,0.357,0,0,0,0
HOS-A-00971,CRM-B-00545,0.529,0.4,0,0,0,0
HOS-A-00987,CRM-B-00987,1.0,1.0,1,1,1,1
HOS-A-00728,CRM-B-00728,1.0,1.0,1,1,1,1
HOS-A-00430,CRM-B-00430,1.0,0.971,1,1,1,1
HOS-A-00161,CRM-B-00475,0.323,0.5,0,0,0,0
HOS-A-00907,CRM-B-00817,0.621,0.516,0,0,0,0
HOS-A-00918,CRM-B-00230,0.462,0.37,0,0,0,0
HOS-A-00459,CRM-B-00459,1.0,1.0,1,1,1,1
HOS-A-00079,CRM-B-00079,1.0,1.0,1,1,1,1
HOS-A-00833,CRM-B-00006,0.207,0.4,0,0,0,0
HOS-A-00033,CRM-B-00033,1.0,1.0,1,1,1,1
HOS-A-01068,CRM-B-01068,1.0,1.0,1,1,1,1
HOS-A-00793,CRM-B-00793,1.0,1.0,1,1,1,1
HOS-A-00955,CRM-B-00577,0.37,0.375,0,0,0,0
HOS-A-00381,CRM-B-00381,1.0,1.0,1,1,1,1
HOS-A-00227,CRM-B-00227,1.0,1.0,1,1,1,1
HOS-A-00326,CRM-B-00692,0.312,0.581,0,0,0,0
HOS-A-00716,CRM-B-00716,1.0,1.0,1,1,1,1
HOS-A-00859,CRM-B-00609,0.357,0.4,0,0,0,0
HOS-A-00687,CRM-B-00687,0.957,1.0,0,1,1,1
HOS-A-00840,CRM-B-X00456,0.19,0.824,0,0,0,0
HOS-A-00765,CRM-B-00382,0.324,0.452,0,0,0,0
HOS-A-00306,CRM-B-00306,1.0,1.0,1,1,1,1
HOS-A-00210,CRM-B-00210,1.0,1.0,1,1,1,1
HOS-A-00863,CRM-B-00863,0.966,1.0,1,1,1,1
HOS-A-01051,CRM-B-00855-DUP,0.353,0.556,0,0,0,0
HOS-A-01180,CRM-B-00737,0.5,0.303,0,0,0,0
HOS-A-00507,CRM-B-00822,0.267,0.412,0,0,0,0
HOS-A-01179,CRM-B-01179,1.0,1.0,1,1,1,1
HOS-A-00919,CRM-B-00801,0.37,0.4,0,0,0,0
HOS-A-00766,CRM-B-00766,1.0,1.0,1,1,1,1
HOS-A-00716,CRM-B-00020,0.174,0.889,0,0,0,0
HOS-A-00729,CRM-B-00184,0.533,0.516,0,0,0,0
HOS-A-01107,CRM-B-01107,1.0,1.0,1,1,1,1
HOS-A-01161,CRM-B-00649,0.571,0.552,0,0,0,0
HOS-A-00484,CRM-B-00484,1.0,1.0,1,1,1,1
HOS-A-00122,CRM-B-01180,0.348,0.267,0,0,0,0
HOS-A-00278,CRM-B-00278,1.0,1.0,1,1,1,1
HOS-A-01178,CRM-B-01178,1.0,1.0,1,1,1,1
HOS-A-00222,CRM-B-00222,1.0,0.966,1,1,1,1
HOS-A-01028,CRM-B-01028,1.0,0.973,1,1,1,1
HOS-A-00572,CRM-B-00572,1.0,1.0,1,1,1,1
HOS-A-00412,CRM-B-00412,1.0,1.0,1,1,1,1
HOS-A-01134,CRM-B-01134,1.0,1.0,0,1,1,1
HOS-A-01111,CRM-B-00192,0.37,0.364,0,0,0,0
HOS-A-00586,CRM-B-00586,1.0,1.0,1,1,1,1
HOS-A-00606,CRM-B-00166,0.267,0.581,0,0,0,0
HOS-A-00741,CRM-B-00845,0.4,0.4,0,0,0,0
HOS-A-01194,CRM-B-00879,0.32,0.457,0,0,0,0
HOS-A-00220,CRM-B-00855-DUP,0.615,0.432,0,0,0,0
HOS-A-00675,CRM-B-00675,1.0,1.0,1,1,1,1
HOS-A-00758,CRM-B-00957,0.324,0.444,0,0,0,0
HOS-A-00448,CRM-B-00448,0.952,1.0,0,1,1,1
HOS-A-01084,CRM-B-01084,1.0,0.971,1,1,1,1
HOS-A-00994,CRM-B-00471,0.69,0.486,0,0,0,0
HOS-A-00360,CRM-B-00087,0.357,0.579,0,0,0,0
HOS-A-00937,CRM-B-00868,0.294,0.5,0,0,0,0
HOS-A-00272,CRM-B-00115,0.8,0.457,0,0,0,0
HOS-A-00304,CRM-B-00626,0.375,0.267,0,0,0,0
HOS-A-00830,CRM-B-00830,1.0,1.0,0,1,1,1
HOS-A-00046,CRM-B-00046,1.0,1.0,1,1,1,1
HOS-A-00903,CRM-B-00636,0.286,0.632,0,0,0,0
HOS-A-01179,CRM-B-00897,0.444,0.471,0,0,0,0
HOS-A-00295,CRM-B-00295,1.0,1.0,1,1,1,1
HOS-A-00219,CRM-B-00192,0.444,0.649,0,0,0,0
HOS-A-00589,CRM-B-00589,1.0,1.0,1,1,1,1
HOS-A-00677,CRM-B-00969,0.37,0.333,0,0,0,0
HOS-A-00781,CRM-B-00204,0.4,0.312,0,0,0,0
HOS-A-00171,CRM-B-01087,0.4,0.595,0,0,0,0
HOS-A-00524,CRM-B-00492,0.348,0.5,0,0,0,0
HOS-A-00809,CRM-B-01200,0.323,0.485,0,0,0,0
HOS-A-00069,CRM-B-00414,0.333,0.429,0,0,0,0
HOS-A-00437,CRM-B-X00437,1.0,1.0,1,1,1,1
HOS-A-00803,CRM-B-X00803,1.0,1.0,1,1,1,1
HOS-A-00353,CRM-B-00999,0.385,0.5,0,0,0,0
HOS-A-00394,CRM-B-00394,1.0,1.0,1,1,1,1
HOS-A-00711,CRM-B-00675,0.364,0.85,0,0,0,0
HOS-A-00535,CRM-B-X00535,1.0,1.0,1,1,1,1
HOS-A-00031,CRM-B-00031,1.0,1.0,1,1,1,1
HOS-A-01172,CRM-B-01172,1.0,1.0,1,1,1,1
HOS-A-00797,CRM-B-00146,0.467,0.483,0,0,0,0
HOS-A-00747,CRM-B-00747,1.0,1.0,0,1,1,1
HOS-A-00385,CRM-B-00079,0.293,0.387,0,0,0,0
HOS-A-01034,CRM-B-X00462,0.387,0.444,0,0,0,0
HOS-A-01147,CRM-B-01147,1.0,1.0,1,1,1,1
HOS-A-00379,CRM-B-00293,0.4,0.562,0,0,0,0
HOS-A-01114,CRM-B-00871-DUP,0.375,0.485,0,0,0,0
HOS-A-00926,CRM-B-00369-DUP,0.341,0.444,0,0,0,0
HOS-A-00315,CRM-B-00143-DUP,0.345,0.529,0,0,0,0
HOS-A-00365,CRM-B-00319,0.452,0.562,0,0,0,0
HOS-A-01085,CRM-B-01085,1.0,1.0,0,1,1,1
HOS-A-00345,CRM-B-X00345,0.957,1.0,1,1,1,1
HOS-A-00557,CRM-B-00557,0.97,1.0,1,1,1,1
HOS-A-00088,CRM-B-00131,0.438,0.452,0,0,0,0
HOS-A-01090,CRM-B-X00759,0.4,0.474,0,0,0,0
HOS-A-00681,CRM-B-00681,1.0,0.966,1,1,1,1
HOS-A-00917,CRM-B-00917,1.0,1.0,1,1,1,1
HOS-A-00904,CRM-B-00904,1.0,1.0,1,1,1,1
HOS-A-00353,CRM-B-00353,1.0,1.0,1,1,1,1
HOS-A-00092,CRM-B-X00092,1.0,1.0,1,1,1,1
HOS-A-00638,CRM-B-00249,0.37,0.444,0,0,0,0
HOS-A-00891,CRM-B-01025,0.389,0.5,0,0,0,0
HOS-A-00887,CRM-B-01141,0.462,0.345,0,0,0,0
HOS-A-00868,CRM-B-00868,1.0,1.0,1,1,1,1
HOS-A-00262,CRM-B-00262,1.0,1.0,1,1,1,1
HOS-A-00627,CRM-B-00102,0.296,0.471,0,0,0,0
HOS-A-00749,CRM-B-00749,0.941,1.0,0,1,1,1
HOS-A-00818,CRM-B-00818,0.947,1.0,1,1,1,1
HOS-A-00417,CRM-B-00380,0.32,0.312,0,0,0,0
HOS-A-00568,CRM-B-00568,1.0,0.971,1,1,1,1
HOS-A-01037,CRM-B-00179-DUP,0.513,0.533,0,0,0,0
HOS-A-00701,CRM-B-00754,0.414,0.424,0,0,0,0
HOS-A-00737,CRM-B-00936,0.424,0.485,0,0,0,0
HOS-A-01191,CRM-B-00736,0.296,0.486,0,0,0,0
HOS-A-01184,CRM-B-00305,0.389,0.588,0,0,0,0
HOS-A-00831,CRM-B-00148,0.467,0.432,0,0,0,0
HOS-A-00301,CRM-B-00301,1.0,1.0,1,1,1,1
HOS-A-00094,CRM-B-00785,0.391,0.364,0,0,0,0
HOS-A-01124,CRM-B-X00396,0.359,0.514,0,0,0,0
HOS-A-00072,CRM-B-00338-DUP,0.296,0.467,0,0,0,0
HOS-A-01076,CRM-B-00146,0.323,0.645,0,0,0,0
HOS-A-01024,CRM-B-01024,1.0,1.0,1,1,1,1
HOS-A-00316,CRM-B-00316,1.0,1.0,1,1,1,1
HOS-A-00704,CRM-B-00978,0.5,0.5,0,0,0,0
HOS-A-00454,CRM-B-00454,1.0,1.0,1,1,1,1
HOS-A-00602,CRM-B-00602,1.0,1.0,0,1,1,1
HOS-A-00176,CRM-B-00176,1.0,1.0,1,1,1,1
HOS-A-00133,CRM-B-00581,0.593,0.387,0,0,0,0
HOS-A-01174,CRM-B-01174,1.0,1.0,1,1,1,1
HOS-A-00038,CRM-B-00038-DUP,0.968,1.0,0,1,1,1
HOS-A-00124,CRM-B-00124,0.96,1.0,1,1,1,1
HOS-A-00892,CRM-B-00892,1.0,1.0,1,1,1,1
HOS-A-00395,CRM-B-00395,1.0,1.0,1,1,1,1
HOS-A-01190,CRM-B-01190,1.0,1.0,1,1,1,1
HOS-A-01057,CRM-B-00355,0.667,0.452,0,0,0,0
HOS-A-00040,CRM-B-00040,1.0,1.0,1,1,1,1
HOS-A-00463,CRM-B-00463,1.0,1.0,1,1,1,1
HOS-A-01135,CRM-B-00671,0.375,0.333,0,0,0,0
HOS-A-00529,CRM-B-01049,0.25,0.5,0,0,0,0
HOS-A-00332,CRM-B-00332,1.0,1.0,0,1,1,1
HOS-A-00406,CRM-B-00761,0.64,0.424,0,0,0,0
HOS-A-00195,CRM-B-00195,1.0,1.0,1,1,1,1
HOS-A-01056,CRM-B-01121,0.462,0.485,0,0,0,0
HOS-A-01082,CRM-B-00494,0.385,0.769,0,0,0,0
HOS-A-00635,CRM-B-00635,1.0,1.0,1,1,1,1
HOS-A-00323,CRM-B-00323,1.0,1.0,1,1,1,1
HOS-A-00736,CRM-B-00733,0.37,0.625,0,0,0,0
HOS-A-00267,CRM-B-00267,1.0,0.976,1,1,1,1
HOS-A-00333,CRM-B-01074,0.37,0.429,0,0,0,0
HOS-A-00804,CRM-B-00169,0.375,0.375,0,0,0,0
HOS-A-00580,CRM-B-00580,1.0,1.0,1,1,1,1
HOS-A-00190,CRM-B-00041,0.483,0.364,0,0,0,0
HOS-A-00160,CRM-B-00114,0.296,0.438,0,0,0,0
HOS-A-00867,CRM-B-00798,0.562,0.471,0,0,0,0
HOS-A-00734,CRM-B-00607,0.462,0.345,0,0,0,0
HOS-A-00962,CRM-B-00962,1.0,1.0,1,1,1,1
HOS-A-00778,CRM-B-00578,0.474,0.533,0,0,0,0
HOS-A-01058,CRM-B-01058,1.0,1.0,0,1,1,1
HOS-A-00631,CRM-B-00080,0.645,0.471,0,0,0,0
HOS-A-00148,CRM-B-00319,0.462,0.485,0,0,0,0
HOS-A-00187,CRM-B-00442,0.357,0.485,0,0,0,0
HOS-A-00850,CRM-B-00850,1.0,1.0,0,1,1,1
HOS-A-00199,CRM-B-00450,0.333,0.4,0,0,0,0
HOS-A-01116,CRM-B-01147,0.457,0.424,0,0,0,0
HOS-A-01194,CRM-B-01194,0.963,1.0,1,1,1,1
HOS-A-00573,CRM-B-00573,1.0,1.0,1,1,1,1
HOS-A-01186,CRM-B-01186,1.0,1.0,1,1,1,1
HOS-A-00899,CRM-B-00929,0.368,0.467,0,0,0,0
HOS-A-00974,CRM-B-01003,0.783,0.345,0,0,0,0
HOS-A-01122,CRM-B-01122,1.0,1.0,1,1,1,1
HOS-A-01132,CRM-B-01132,1.0,1.0,0,1,1,1
HOS-A-01160,CRM-B-01111,0.32,0.471,0,0,0,0
HOS-A-01035,CRM-B-01035,0.976,1.0,1,1,1,1
HOS-A-00054,CRM-B-00054,0.96,1.0,0,1,1,1
HOS-A-00773,CRM-B-00773-DUP,1.0,1.0,0,1,1,1
HOS-A-00178,CRM-B-X00396,0.432,0.412,0,0,0,0
HOS-A-00878,CRM-B-01195,0.323,0.4,0,0,0,0
HOS-A-00254,CRM-B-00951,0.432,0.485,0,0,0,0
HOS-A-00506,CRM-B-00506,1.0,1.0,1,1,1,1
HOS-A-00753,CRM-B-00753,1.0,1.0,1,1,1,1
HOS-A-00086,CRM-B-00795,0.324,0.471,0,0,0,0
HOS-A-00846,CRM-B-00522,0.229,0.828,0,0,0,0
HOS-A-00502,CRM-B-00091,0.345,0.424,0,0,0,0
HOS-A-00324,CRM-B-00524,0.345,0.571,0,0,0,0
HOS-A-01045,CRM-B-01045,1.0,1.0,1,1,1,1
HOS-A-00366,CRM-B-00366,1.0,1.0,1,1,1,1
HOS-A-00979,CRM-B-00979,1.0,0.97,1,1,1,1
HOS-A-00761,CRM-B-01036-DUP,0.333,0.303,0,0,0,0
HOS-A-00669,CRM-B-01053,0.606,0.786,0,0,0,0
HOS-A-00310,CRM-B-00310,1.0,1.0,1,1,1,1
HOS-A-00917,CRM-B-00641,0.323,0.848,0,0,0,0
HOS-A-00836,CRM-B-X01176,0.286,0.571,0,0,0,0
HOS-A-01165,CRM-B-00598,0.486,0.438,0,0,0,0
HOS-A-00584,CRM-B-00584,1.0,1.0,1,1,1,1
HOS-A-00571,CRM-B-00571,0.96,1.0,1,1,1,1
HOS-A-00772,CRM-B-00772,1.0,1.0,1,1,1,1
HOS-A-01045,CRM-B-00091,0.647,0.387,0,0,0,0
HOS-A-00639,CRM-B-00936,0.261,0.649,0,0,0,0
HOS-A-00153,CRM-B-00153,1.0,1.0,1,1,1,1
HOS-A-00946,CRM-B-01093,0.343,0.375,0,0,0,0
HOS-A-00202,CRM-B-00654,0.32,0.516,0,0,0,0
HOS-A-00719,CRM-B-00170,0.387,0.37,0,0,0,0
HOS-A-01081,CRM-B-01081,1.0,1.0,1,1,1,1
HOS-A-00924,CRM-B-00924,1.0,1.0,1,1,1,1
HOS-A-00089,CRM-B-00417,0.692,0.4,0,0,0,0
HOS-A-00319,CRM-B-00319,1.0,1.0,1,1,1,1
HOS-A-00608,CRM-B-00267,0.303,0.513,0,0,0,0
HOS-A-00561,CRM-B-00301,0.444,0.621,0,0,0,0
HOS-A-01038,CRM-B-01038,1.0,1.0,1,1,1,1
HOS-A-00771,CRM-B-00028,0.303,0.486,0,0,0,0
HOS-A-01059,CRM-B-01059,1.0,1.0,1,1,1,1
HOS-A-01104,CRM-B-01104,0.96,1.0,0,1,1,1
HOS-A-01079,CRM-B-X01079,1.0,1.0,1,1,1,1
HOS-A-01132,CRM-B-00508,0.333,0.824,0,0,0,0
HOS-A-00344,CRM-B-00344,1.0,1.0,1,1,1,1
HOS-A-00889,CRM-B-00889,1.0,1.0,0,1,1,1
HOS-A-01048,CRM-B-01048,1.0,1.0,1,1,1,1
HOS-A-00399,CRM-B-00399,1.0,1.0,1,1,1,1
HOS-A-00585,CRM-B-00585,1.0,1.0,1,1,1,1
HOS-A-00705,CRM-B-00705,1.0,1.0,1,1,1,1
HOS-A-00811,CRM-B-00444,0.343,0.364,0,0,0,0
HOS-A-00834,CRM-B-00810,0.25,0.857,0,0,0,0
HOS-A-00293,CRM-B-00293,1.0,1.0,1,1,1,1
HOS-A-00612,CRM-B-X00514,0.308,0.471,0,0,0,0
HOS-A-00258,CRM-B-00326,0.296,0.37,0,0,0,0
HOS-A-00035,CRM-B-00667,0.24,0.333,0,0,0,0
HOS-A-00182,CRM-B-00868,0.5,0.333,0,0,0,0
HOS-A-00142,CRM-B-00142,1.0,1.0,1,1,1,1
HOS-A-00001,CRM-B-00221,0.308,0.452,0,0,0,0
HOS-A-00003,CRM-B-00003,1.0,1.0,1,1,1,1
HOS-A-00017,CRM-B-00998-DUP,0.312,0.552,0,0,0,0
HOS-A-00577,CRM-B-00577,0.952,0.968,1,1,1,1
HOS-A-00423,CRM-B-00697,0.303,0.4,0,0,0,0
HOS-A-00340,CRM-B-00340-DUP,1.0,1.0,0,1,1,1
HOS-A-00359,CRM-B-00359,1.0,1.0,1,1,1,1
HOS-A-00376,CRM-B-00734,0.375,0.333,0,0,0,0
HOS-A-00926,CRM-B-00926,1.0,1.0,1,1,1,1
HOS-A-00266,CRM-B-00266-DUP,1.0,1.0,0,1,1,1
HOS-A-00377,CRM-B-00377,1.0,1.0,0,1,1,1
HOS-A-00327,CRM-B-00136,0.368,0.474,0,0,0,0
HOS-A-00637,CRM-B-00470,0.385,0.357,0,0,0,0
HOS-A-00440,CRM-B-00440,1.0,1.0,1,1,1,1
HOS-A-00272,CRM-B-00272,1.0,1.0,0,1,1,1
HOS-A-00827,CRM-B-00310,0.357,0.387,0,0,0,0
HOS-A-00263,CRM-B-00899,0.471,0.786,0,0,0,0
HOS-A-00245,CRM-B-00245-DUP,1.0,1.0,0,1,1,1
HOS-A-00800,CRM-B-00299,0.412,0.375,0,0,0,0
HOS-A-01019,CRM-B-01019,1.0,1.0,1,1,1,1
HOS-A-01176,CRM-B-X01062,0.471,0.452,0,0,0,0
HOS-A-01164,CRM-B-01164,1.0,1.0,1,1,1,1
HOS-A-00991,CRM-B-00991,1.0,1.0,1,1,1,1
HOS-A-00663,CRM-B-00597,0.439,0.471,0,0,0,0
HOS-A-01062,CRM-B-00475,0.343,0.4,0,0,0,0
HOS-A-00608,CRM-B-00608,1.0,1.0,1,1,1,1
HOS-A-00416,CRM-B-X00416,1.0,1.0,1,1,1,1
HOS-A-00274,CRM-B-00274,1.0,1.0,1,1,1,1
HOS-A-00826,CRM-B-00161,0.435,0.485,0,0,0,0
HOS-A-00781,CRM-B-00781,0.971,1.0,1,1,1,1
HOS-A-01176,CRM-B-X01176,1.0,1.0,1,1,1,1
HOS-A-00251,CRM-B-00251,1.0,1.0,1,1,1,1
HOS-A-00414,CRM-B-00414,1.0,1.0,0,1,1,1
HOS-A-01011,CRM-B-00199,0.37,0.556,0,0,0,0
HOS-A-00628,CRM-B-00694,0.323,0.471,0,0,0,0
HOS-A-00347,CRM-B-00557,0.421,0.467,0,0,0,0
HOS-A-00311,CRM-B-00311,1.0,1.0,1,1,1,1
HOS-A-00493,CRM-B-01018,0.308,0.364,0,0,0,0
HOS-A-00894,CRM-B-00894,1.0,1.0,1,1,1,1
HOS-A-01054,CRM-B-01054,0.941,0.971,1,1,1,1
HOS-A-00426,CRM-B-00426,1.0,1.0,1,1,1,1
HOS-A-01128,CRM-B-01049,0.261,0.471,0,0,0,0
HOS-A-00016,CRM-B-00016,0.96,1.0,1,1,1,1
HOS-A-00967,CRM-B-01187,0.414,0.4,0,0,0,0
HOS-A-00722,CRM-B-00722,1.0,1.0,1,1,1,1
HOS-A-00689,CRM-B-00919,0.286,0.545,0,0,0,0
HOS-A-00904,CRM-B-00208,0.516,0.882,0,0,0,0
HOS-A-00982,CRM-B-00982,1.0,1.0,1,1,1,1
HOS-A-00349,CRM-B-00349,1.0,1.0,1,1,1,1
HOS-A-00249,CRM-B-00185,0.37,0.333,0,0,0,0
HOS-A-00780,CRM-B-00971,0.533,0.387,0,0,0,0
HOS-A-00074,CRM-B-00483,0.359,0.424,0,0,0,0
HOS-A-00527,CRM-B-00527,1.0,1.0,1,1,1,1
HOS-A-00596,CRM-B-00802,0.312,0.4,0,0,0,0
HOS-A-00364,CRM-B-00364,1.0,1.0,1,1,1,1
HOS-A-00062,CRM-B-00756,0.462,0.533,0,0,0,0
HOS-A-00183,CRM-B-00183,1.0,0.976,1,1,1,1
HOS-A-00986,CRM-B-00986,1.0,0.963,0,1,1,1
HOS-A-00547,CRM-B-00542,0.353,0.483,0,0,0,0
HOS-A-00171,CRM-B-00171,1.0,1.0,0,1,1,1
HOS-A-01113,CRM-B-01113,1.0,1.0,1,1,1,1
HOS-A-01055,CRM-B-01055,1.0,1.0,0,1,1,1
HOS-A-01076,CRM-B-01076,1.0,1.0,1,1,1,1
HOS-A-00813,CRM-B-X00813,1.0,1.0,1,1,1,1
HOS-A-00188,CRM-B-00188,0.968,1.0,1,1,1,1
HOS-A-00620,CRM-B-00620,1.0,1.0,1,1,1,1
HOS-A-00856,CRM-B-00142,0.387,0.412,0,0,0,0
HOS-A-00152,CRM-B-00152,1.0,1.0,1,1,1,1
HOS-A-00159,CRM-B-00159,1.0,1.0,0,1,1,1
HOS-A-00467,CRM-B-01097,0.378,0.467,0,0,0,0
HOS-A-00273,CRM-B-X00273,1.0,1.0,1,1,1,1
HOS-A-00615,CRM-B-00615,1.0,1.0,1,1,1,1
HOS-A-00490,CRM-B-00490,1.0,1.0,1,1,1,1
HOS-A-00763,CRM-B-00559,0.324,0.875,0,0,0,0
HOS-A-00392,CRM-B-00806,0.424,0.581,0,0,0,0
HOS-A-00995,CRM-B-00995,1.0,1.0,1,1,1,1
HOS-A-00651,CRM-B-00214,0.326,0.486,0,0,0,0
HOS-A-00372,CRM-B-00372,1.0,1.0,1,1,1,1
HOS-A-00009,CRM-B-00173,0.533,0.333,0,0,0,0
HOS-A-00223,CRM-B-X00223,1.0,1.0,1,1,1,1
HOS-A-00594,CRM-B-00594,1.0,1.0,0,1,1,1
HOS-A-00477,CRM-B-00477,1.0,1.0,1,1,1,1
HOS-A-00746,CRM-B-00534,0.333,0.444,0,0,0,0
HOS-A-00473,CRM-B-01127,0.533,0.467,0,0,0,0
HOS-A-00498,CRM-B-00498,1.0,1.0,1,1,1,1
HOS-A-00840,CRM-B-00840,1.0,0.971,1,1,1,1
HOS-A-00688,CRM-B-00688,1.0,1.0,1,1,1,1
HOS-A-00298,CRM-B-00079,0.359,0.485,0,0,0,0
HOS-A-00137,CRM-B-00137,1.0,1.0,1,1,1,1
HOS-A-00629,CRM-B-00629,1.0,1.0,1,1,1,1
HOS-A-00335,CRM-B-00335,1.0,1.0,1,1,1,1
HOS-A-00139,CRM-B-00991,0.48,0.875,0,0,0,0
HOS-A-00790,CRM-B-00101,0.308,0.424,0,0,0,0
HOS-A-01091,CRM-B-01091,1.0,1.0,1,1,1,1
HOS-A-00420,CRM-B-00550,0.345,0.529,0,0,0,0
HOS-A-00711,CRM-B-00711,1.0,1.0,1,1,1,1
HOS-A-00116,CRM-B-00316,0.417,0.343,0,0,0,0
HOS-A-01063,CRM-B-00985,0.323,0.387,0,0,0,0
HOS-A-01007,CRM-B-00249,0.296,0.357,0,0,0,0
HOS-A-00466,CRM-B-00466,0.966,1.0,1,1,1,1
HOS-A-00030,CRM-B-00839,0.471,0.357,0,0,0,0
HOS-A-01174,CRM-B-00193,0.286,0.438,0,0,0,0
HOS-A-01106,CRM-B-00699,0.48,0.424,0,0,0,0
HOS-A-00056,CRM-B-00090,0.519,0.5,0,0,0,0
HOS-A-00618,CRM-B-00669,0.438,0.429,0,0,0,0
HOS-A-00135,CRM-B-00312,0.41,0.649,0,0,0,0
HOS-A-00754,CRM-B-01059,0.353,0.486,0,0,0,0
HOS-A-01123,CRM-B-00346,0.368,0.424,0,0,0,0
HOS-A-01081,CRM-B-00842,0.359,0.357,0,0,0,0
HOS-A-00768,CRM-B-X00717,0.645,0.452,0,0,0,0
HOS-A-00817,CRM-B-00817,1.0,1.0,1,1,1,1
HOS-A-00275,CRM-B-00275,1.0,1.0,1,1,1,1
HOS-A-00338,CRM-B-X00593,0.4,0.552,0,0,0,0
HOS-A-00866,CRM-B-00866,0.952,1.0,1,1,1,1
HOS-A-00102,CRM-B-00102,1.0,1.0,1,1,1,1
HOS-A-00196,CRM-B-00014,0.32,0.258,0,0,0,0
HOS-A-00108,CRM-B-00108,1.0,0.971,1,1,1,1
HOS-A-01189,CRM-B-00552,0.308,0.312,0,0,0,0
HOS-A-00032,CRM-B-00549,0.303,0.312,0,0,0,0
HOS-A-01016,CRM-B-00031,0.37,0.471,0,0,0,0
HOS-A-00645,CRM-B-00733,0.4,0.552,0,0,0,0
HOS-A-00352,CRM-B-00521,0.333,0.303,0,0,0,0
HOS-A-01105,CRM-B-01105,1.0,1.0,1,1,1,1
HOS-A-00158,CRM-B-00609,0.37,0.37,0,0,0,0
HOS-A-00713,CRM-B-00713,1.0,1.0,1,1,1,1
HOS-A-00073,CRM-B-X00073,1.0,1.0,1,1,1,1
HOS-A-00433,CRM-B-00524,0.389,0.364,0,0,0,0
HOS-A-01110,CRM-B-00270,0.429,0.929,0,0,0,0
HOS-A-00482,CRM-B-00482,1.0,1.0,1,1,1,1
HOS-A-00303,CRM-B-01033,0.229,0.444,0,0,0,0
HOS-A-00084,CRM-B-00063,0.5,0.649,0,0,0,0
HOS-A-00641,CRM-B-01117,0.323,0.438,0,0,0,0
HOS-A-00099,CRM-B-00487,0.312,0.5,0,0,0,0
HOS-A-00406,CRM-B-00406,0.96,1.0,1,1,1,1
HOS-A-00758,CRM-B-00758,0.966,0.963,1,1,1,1
HOS-A-00033,CRM-B-00307,0.412,0.323,0,0,0,0
HOS-A-00550,CRM-B-00565,0.296,0.5,0,0,0,0
HOS-A-01180,CRM-B-01180,1.0,1.0,1,1,1,1
HOS-A-00403,CRM-B-00526,0.324,0.424,0,0,0,0
HOS-A-00744,CRM-B-00744,1.0,1.0,1,1,1,1
HOS-A-00807,CRM-B-00807,1.0,1.0,1,1,1,1
HOS-A-01017,CRM-B-00285,0.32,0.786,0,0,0,0
HOS-A-00522,CRM-B-00099,0.242,0.412,0,0,0,0
HOS-A-00292,CRM-B-00800,0.296,0.278,0,0,0,0
HOS-A-00149,CRM-B-00149,1.0,1.0,0,1,1,1
HOS-A-01115,CRM-B-01115,1.0,1.0,1,1,1,1
HOS-A-00100,CRM-B-01111,0.387,0.424,0,0,0,0
HOS-A-00693,CRM-B-X00693,1.0,1.0,1,1,1,1
HOS-A-00819,CRM-B-00819,0.979,1.0,0,1,1,1
HOS-A-00391,CRM-B-01108,0.32,0.424,0,0,0,0
HOS-A-00104,CRM-B-00851,0.476,0.312,0,0,0,0
HOS-A-00351,CRM-B-00401,0.276,0.595,0,0,0,0
HOS-A-00702,CRM-B-00702,0.966,1.0,1,1,1,1
HOS-A-00925,CRM-B-00107,0.303,0.414,0,0,0,0
HOS-A-00922,CRM-B-00922,1.0,1.0,1,1,1,1
HOS-A-00906,CRM-B-00906,1.0,1.0,1,1,1,1
HOS-A-00679,CRM-B-00860,0.286,0.471,0,0,0,0
HOS-A-00177,CRM-B-01066,0.323,0.452,0,0,0,0
HOS-A-00740,CRM-B-00682,0.242,0.4,0,0,0,0
HOS-A-01114,CRM-B-01114,1.0,1.0,1,1,1,1
HOS-A-00168,CRM-B-00168,0.957,1.0,1,1,1,1
HOS-A-00731,CRM-B-00731,1.0,1.0,1,1,1,1
HOS-A-00632,CRM-B-00061,0.414,0.364,0,0,0,0
HOS-A-00027,CRM-B-00027,1.0,1.0,0,1,1,1
HOS-A-00576,CRM-B-01140,0.414,0.824,0,0,0,0
HOS-A-00180,CRM-B-00792,0.412,0.882,0,0,0,0
HOS-A-00998,CRM-B-00998-DUP,1.0,1.0,0,1,1,1
HOS-A-01041,CRM-B-01041,1.0,1.0,1,1,1,1
HOS-A-00266,CRM-B-01100,0.312,0.562,0,0,0,0
HOS-A-01135,CRM-B-01135,1.0,0.97,1,1,1,1
HOS-A-00714,CRM-B-00545,0.323,0.467,0,0,0,0
HOS-A-00042,CRM-B-00042,0.966,1.0,0,1,1,1
HOS-A-01126,CRM-B-01126,1.0,1.0,1,1,1,1
HOS-A-00342,CRM-B-00229,0.421,0.483,0,0,0,0
HOS-A-00046,CRM-B-01060,0.303,0.471,0,0,0,0
HOS-A-01136,CRM-B-01136,1.0,1.0,1,1,1,1
HOS-A-00610,CRM-B-00610,1.0,1.0,1,1,1,1
HOS-A-00621,CRM-B-00837,0.308,0.828,0,0,0,0
HOS-A-00791,CRM-B-00499,0.519,0.387,0,0,0,0
HOS-A-00023,CRM-B-00833,0.364,0.467,0,0,0,0
HOS-A-00230,CRM-B-00216,0.24,0.533,0,0,0,0
HOS-A-00494,CRM-B-00494,1.0,1.0,1,1,1,1
HOS-A-00237,CRM-B-00237,1.0,0.966,1,1,1,1
HOS-A-00552,CRM-B-00552,1.0,1.0,0,1,1,1
HOS-A-00521,CRM-B-00521,1.0,1.0,1,1,1,1
HOS-A-00909,CRM-B-00570,0.526,0.429,0,0,0,0
HOS-A-00721,CRM-B-00721,1.0,0.968,0,1,1,1
HOS-A-00533,CRM-B-00875,0.538,0.387,0,0,0,0
HOS-A-00922,CRM-B-01073,0.387,0.424,0,0,0,0
HOS-A-00059,CRM-B-00059,1.0,1.0,1,1,1,1
HOS-A-00632,CRM-B-00632,1.0,1.0,1,1,1,1
HOS-A-00470,CRM-B-00835,0.381,0.414,0,0,0,0
HOS-A-00593,CRM-B-X00593,1.0,1.0,1,1,1,1
HOS-A-00890,CRM-B-00930,0.343,0.444,0,0,0,0
HOS-A-00940,CRM-B-00940,1.0,0.971,1,1,1,1
HOS-A-01033,CRM-B-00136,0.343,0.606,0,0,0,0
HOS-A-00905,CRM-B-X00905,0.957,1.0,1,1,1,1
HOS-A-00570,CRM-B-00123,0.345,0.412,0,0,0,0
HOS-A-01105,CRM-B-00453,0.5,0.621,0,0,0,0
HOS-A-00541,CRM-B-00512,0.308,0.471,0,0,0,0
HOS-A-00087,CRM-B-00528,0.452,0.632,0,0,0,0
HOS-A-00537,CRM-B-00882,0.32,0.357,0,0,0,0
HOS-A-00707,CRM-B-00707,1.0,1.0,1,1,1,1
HOS-A-01023,CRM-B-01023,1.0,0.976,1,1,1,1
HOS-A-00746,CRM-B-00746,1.0,1.0,1,1,1,1
HOS-A-00460,CRM-B-00595,0.444,0.471,0,0,0,0
HOS-A-00091,CRM-B-00623,0.357,0.333,0,0,0,0
HOS-A-00514,CRM-B-X00514,1.0,1.0,1,1,1,1
HOS-A-00082,CRM-B-00082,1.0,0.971,1,1,1,1
HOS-A-00929,CRM-B-00986,0.242,0.533,0,0,0,0
HOS-A-00915,CRM-B-00915,1.0,0.976,1,1,1,1
HOS-A-01010,CRM-B-00657,0.364,0.37,0,0,0,0
HOS-A-00980,CRM-B-01148,0.647,0.889,0,0,0,0
HOS-A-00151,CRM-B-00151,1.0,1.0,1,1,1,1
HOS-A-00775,CRM-B-00775,1.0,1.0,1,1,1,1
HOS-A-00330,CRM-B-00330,0.963,1.0,1,1,1,1
HOS-A-00007,CRM-B-00007,1.0,1.0,1,1,1,1
HOS-A-00944,CRM-B-00944,1.0,0.973,1,1,1,1
HOS-A-00245,CRM-B-00194,0.333,0.552,0,0,0,0
HOS-A-00676,CRM-B-00834,0.324,0.387,0,0,0,0
HOS-A-00910,CRM-B-00910,1.0,1.0,0,1,1,1
HOS-A-00469,CRM-B-00469,0.96,1.0,1,1,1,1
HOS-A-00182,CRM-B-00182,1.0,1.0,1,1,1,1
HOS-A-00165,CRM-B-00165,1.0,1.0,1,1,1,1
HOS-A-00452,CRM-B-00452,1.0,1.0,1,1,1,1
HOS-A-00491,CRM-B-00491,1.0,1.0,1,1,1,1
HOS-A-00065,CRM-B-00725,0.455,0.875,0,0,0,0
HOS-A-01144,CRM-B-01144,1.0,1.0,1,1,1,1
HOS-A-00334,CRM-B-00599,0.333,0.387,0,0,0,0
HOS-A-01112,CRM-B-01112,1.0,1.0,1,1,1,1
HOS-A-00845,CRM-B-X00460,0.348,0.294,0,0,0,0
HOS-A-00573,CRM-B-00773,0.444,0.467,0,0,0,0
HOS-A-00545,CRM-B-00958,0.316,0.424,0,0,0,0
HOS-A-00518,CRM-B-X00431,0.414,0.444,0,0,0,0
HOS-A-00367,CRM-B-01091,0.357,0.333,0,0,0,0
HOS-A-01175,CRM-B-X00462,0.34,0.357,0,0,0,0
HOS-A-00328,CRM-B-00328,0.963,0.971,1,1,1,1
HOS-A-00443,CRM-B-00443,1.0,1.0,1,1,1,1
HOS-A-00243,CRM-B-00876,0.25,0.595,0,0,0,0
HOS-A-00052,CRM-B-00718,0.37,0.457,0,0,0,0
HOS-A-00833,CRM-B-00833,1.0,1.0,0,1,1,1
HOS-A-00525,CRM-B-X00241,0.35,0.552,0,0,0,0
HOS-A-00029,CRM-B-00315,0.32,0.556,0,0,0,0
HOS-A-00087,CRM-B-00087,1.0,0.976,1,1,1,1
HOS-A-01145,CRM-B-00783,0.4,0.556,0,0,0,0
HOS-A-00778,CRM-B-00778,1.0,1.0,1,1,1,1
HOS-A-01071,CRM-B-00019,0.256,0.556,0,0,0,0
HOS-A-00055,CRM-B-00055,1.0,1.0,1,1,1,1
HOS-A-00503,CRM-B-00483,0.524,0.529,0,0,0,0
HOS-A-01119,CRM-B-00179,0.383,0.529,0,0,0,0
HOS-A-00566,CRM-B-00655,0.513,0.345,0,0,0,0
HOS-A-00114,CRM-B-00114,1.0,0.966,1,1,1,1
HOS-A-01048,CRM-B-00580,0.625,0.882,0,0,0,0
HOS-A-00988,CRM-B-00988,0.97,1.0,1,1,1,1
HOS-A-00511,CRM-B-00978,0.457,0.467,0,0,0,0
HOS-A-00223,CRM-B-00815,0.37,0.333,0,0,0,0
HOS-A-01010,CRM-B-01010,1.0,1.0,1,1,1,1
HOS-A-00590,CRM-B-00590,1.0,1.0,1,1,1,1
HOS-A-00789,CRM-B-00363,0.286,0.4,0,0,0,0
HOS-A-00018,CRM-B-00018,0.97,1.0,1,1,1,1
HOS-A-00687,CRM-B-01064,0.389,0.474,0,0,0,0
HOS-A-00658,CRM-B-00391,0.364,0.424,0,0,0,0
HOS-A-00286,CRM-B-00286,0.957,1.0,1,1,1,1
HOS-A-00429,CRM-B-00429-DUP,1.0,1.0,0,1,1,1
HOS-A-00027,CRM-B-00549,0.643,0.412,0,0,0,0
HOS-A-00670,CRM-B-00670,1.0,0.971,1,1,1,1
HOS-A-00032,CRM-B-00032,0.971,1.0,1,1,1,1
HOS-A-00723,CRM-B-00723,1.0,1.0,1,1,1,1
HOS-A-00952,CRM-B-00952,1.0,1.0,1,1,1,1
HOS-A-00399,CRM-B-00354,0.258,0.471,0,0,0,0
HOS-A-00215,CRM-B-00215,1.0,1.0,1,1,1,1
HOS-A-00422,CRM-B-00551,0.316,0.444,0,0,0,0
HOS-A-01165,CRM-B-01165,1.0,1.0,1,1,1,1
HOS-A-00327,CRM-B-00327,0.977,1.0,1,1,1,1
HOS-A-00561,CRM-B-00561,1.0,1.0,1,1,1,1
HOS-A-01087,CRM-B-01087,1.0,0.97,0,1,1,1
HOS-A-00461,CRM-B-01002,0.323,0.4,0,0,0,0
HOS-A-00342,CRM-B-00342,1.0,1.0,1,1,1,1
HOS-A-00148,CRM-B-00148,1.0,1.0,1,1,1,1
HOS-A-00471,CRM-B-00754,0.37,0.486,0,0,0,0
HOS-A-01108,CRM-B-01108,1.0,1.0,1,1,1,1
HOS-A-00745,CRM-B-00897,0.296,0.552,0,0,0,0
HOS-A-00967,CRM-B-00967,0.96,1.0,1,1,1,1
HOS-A-01073,CRM-B-01073,1.0,1.0,0,1,1,1
HOS-A-00156,CRM-B-00156,1.0,1.0,1,1,1,1
HOS-A-00302,CRM-B-X01119,0.488,0.424,0,0,0,0
HOS-A-00252,CRM-B-00806,0.429,0.467,0,0,0,0
HOS-A-01003,CRM-B-01003,1.0,1.0,1,1,1,1
HOS-A-00475,CRM-B-00805,0.343,0.452,0,0,0,0
HOS-A-01014,CRM-B-01039,0.258,0.467,0,0,0,0
HOS-A-00478,CRM-B-00602,0.308,0.467,0,0,0,0
HOS-A-00923,CRM-B-X00913,0.267,0.483,0,0,0,0
HOS-A-01059,CRM-B-X00345,0.25,0.471,0,0,0,0
HOS-A-00796,CRM-B-00973,0.372,0.5,0,0,0,0
HOS-A-00594,CRM-B-00772,0.611,0.387,0,0,0,0
HOS-A-01052,CRM-B-00288,0.296,0.457,0,0,0,0
HOS-A-01083,CRM-B-00903,0.333,0.9,0,0,0,0
HOS-A-00138,CRM-B-00520,0.32,0.452,0,0,0,0
HOS-A-00421,CRM-B-00138,0.296,0.483,0,0,0,0
HOS-A-00602,CRM-B-00781,0.4,0.286,0,0,0,0
HOS-A-00954,CRM-B-00986,0.357,0.429,0,0,0,0
HOS-A-00939,CRM-B-00939,1.0,1.0,1,1,1,1
HOS-A-00956,CRM-B-01006,0.389,0.4,0,0,0,0
HOS-A-00347,CRM-B-00347,1.0,0.966,1,1,1,1
HOS-A-00738,CRM-B-01095,0.585,0.412,0,0,0,0
HOS-A-01177,CRM-B-00267,0.312,0.5,0,0,0,0
HOS-A-00539,CRM-B-00939,0.857,0.588,0,0,0,0
HOS-A-00386,CRM-B-00386,0.96,1.0,1,1,1,1
HOS-A-00231,CRM-B-00491,0.385,0.529,0,0,0,0
HOS-A-00278,CRM-B-00099,0.353,0.424,0,0,0,0
HOS-A-00244,CRM-B-00244,1.0,1.0,1,1,1,1
HOS-A-00152,CRM-B-01186,0.364,0.343,0,0,0,0
HOS-A-00937,CRM-B-00937,1.0,1.0,1,1,1,1
HOS-A-00860,CRM-B-01178,0.316,0.516,0,0,0,0
HOS-A-00313,CRM-B-00313,1.0,0.968,0,1,1,1
HOS-A-01144,CRM-B-00179,0.326,0.387,0,0,0,0
HOS-A-00181,CRM-B-00742,0.417,0.438,0,0,0,0
HOS-A-00969,CRM-B-00969,1.0,1.0,1,1,1,1
HOS-A-00661,CRM-B-00661,1.0,1.0,1,1,1,1
HOS-A-00936,CRM-B-00936,0.957,1.0,1,1,1,1
HOS-A-00371,CRM-B-00371,1.0,1.0,1,1,1,1
HOS-A-00567,CRM-B-00567,0.97,1.0,1,1,1,1
HOS-A-00581,CRM-B-00591,0.414,0.611,0,0,0,0
HOS-A-00825,CRM-B-00825,1.0,1.0,1,1,1,1
HOS-A-00983,CRM-B-00983,1.0,0.966,0,1,1,1
HOS-A-00601,CRM-B-00053,0.276,0.452,0,0,0,0
HOS-A-00131,CRM-B-00674,0.4,0.37,0,0,0,0
HOS-A-00814,CRM-B-00814,1.0,1.0,1,1,1,1
HOS-A-00779,CRM-B-00779,1.0,1.0,1,1,1,1
HOS-A-01053,CRM-B-01053,1.0,1.0,1,1,1,1
HOS-A-00445,CRM-B-01141,0.242,0.867,0,0,0,0
HOS-A-01014,CRM-B-01014,1.0,1.0,1,1,1,1
HOS-A-00346,CRM-B-00537,0.286,0.452,0,0,0,0
HOS-A-00710,CRM-B-00511,0.286,0.414,0,0,0,0
HOS-A-00674,CRM-B-00676,0.562,0.4,0,0,0,0
HOS-A-00127,CRM-B-00127,1.0,1.0,1,1,1,1
HOS-A-00888,CRM-B-X00888,1.0,0.971,1,1,1,1
HOS-A-00647,CRM-B-01199,0.375,0.786,0,0,0,0
HOS-A-01008,CRM-B-01008-DUP,1.0,1.0,0,1,1,1
HOS-A-00356,CRM-B-00356,1.0,1.0,1,1,1,1
HOS-A-01004,CRM-B-01004,1.0,0.973,1,1,1,1
HOS-A-00683,CRM-B-00683,1.0,0.966,1,1,1,1
HOS-A-00828,CRM-B-00828,1.0,0.971,1,1,1,1
HOS-A-00150,CRM-B-01048,0.357,0.452,0,0,0,0
HOS-A-00985,CRM-B-00985,1.0,1.0,1,1,1,1
HOS-A-00034,CRM-B-00425,0.483,0.364,0,0,0,0
HOS-A-00818,CRM-B-00852,0.32,0.533,0,0,0,0
HOS-A-00141,CRM-B-00141,1.0,1.0,1,1,1,1
HOS-A-00813,CRM-B-00757,0.32,0.533,0,0,0,0
HOS-A-00759,CRM-B-00546,0.308,0.412,0,0,0,0
HOS-A-00662,CRM-B-00202,0.333,0.467,0,0,0,0
HOS-A-00932,CRM-B-00401,0.375,0.571,0,0,0,0
HOS-A-00695,CRM-B-00172,0.667,0.452,0,0,0,0
HOS-A-01162,CRM-B-00435,0.4,0.486,0,0,0,0
HOS-A-00803,CRM-B-00602,0.667,0.444,0,0,0,0
HOS-A-00712,CRM-B-00712,1.0,1.0,0,1,1,1
HOS-A-01158,CRM-B-01158,1.0,1.0,0,1,1,1
HOS-A-00546,CRM-B-00471,0.296,0.412,0,0,0,0
HOS-A-00872,CRM-B-00872,1.0,1.0,1,1,1,1
HOS-A-00123,CRM-B-00925,0.357,0.457,0,0,0,0
HOS-A-00011,CRM-B-00011-DUP,1.0,1.0,0,1,1,1
HOS-A-00469,CRM-B-00377,0.385,0.387,0,0,0,0
HOS-A-00377,CRM-B-01152-DUP,0.333,0.424,0,0,0,0
HOS-A-00755,CRM-B-00755,1.0,1.0,1,1,1,1
HOS-A-00627,CRM-B-00627,0.966,1.0,1,1,1,1
HOS-A-00364,CRM-B-00517,0.387,0.562,0,0,0,0
HOS-A-00130,CRM-B-00130,1.0,0.971,1,1,1,1
HOS-A-00844,CRM-B-00844,1.0,1.0,1,1,1,1
HOS-A-00324,CRM-B-00324,1.0,1.0,1,1,1,1
HOS-A-00672,CRM-B-00137,0.438,0.485,0,0,0,0
HOS-A-00110,CRM-B-01007,0.323,0.519,0,0,0,0
HOS-A-00085,CRM-B-00625,0.424,0.867,0,0,0,0
HOS-A-01127,CRM-B-00727,0.343,0.467,0,0,0,0
HOS-A-00015,CRM-B-00015,1.0,1.0,1,1,1,1
HOS-A-01109,CRM-B-00495,0.812,0.556,0,0,0,0
HOS-A-00216,CRM-B-00216,1.0,1.0,1,1,1,1
HOS-A-00268,CRM-B-00306,0.324,0.452,0,0,0,0
HOS-A-00562,CRM-B-00423,0.634,0.486,0,0,0,0
HOS-A-01183,CRM-B-01183,0.973,1.0,1,1,1,1
HOS-A-00291,CRM-B-00463,0.316,0.556,0,0,0,0
HOS-A-00215,CRM-B-00935,0.359,0.897,0,0,0,0
HOS-A-00865,CRM-B-X00865-DUP,0.96,1.0,0,1,1,1
HOS-A-00517,CRM-B-00517,1.0,1.0,1,1,1,1
HOS-A-00598,CRM-B-00598,1.0,1.0,1,1,1,1
HOS-A-00196,CRM-B-00196,0.96,1.0,1,1,1,1
HOS-A-00806,CRM-B-00235,0.429,0.345,0,0,0,0
HOS-A-00289,CRM-B-X00289,1.0,0.968,1,1,1,1
HOS-A-00951,CRM-B-00951,1.0,1.0,1,1,1,1
HOS-A-00456,CRM-B-00139,0.385,0.364,0,0,0,0
HOS-A-00723,CRM-B-X01099,0.385,0.556,0,0,0,0
HOS-A-01121,CRM-B-01121,1.0,1.0,1,1,1,1
HOS-A-00550,CRM-B-00550,1.0,1.0,1,1,1,1
HOS-A-00157,CRM-B-00157,1.0,1.0,1,1,1,1
HOS-A-00420,CRM-B-00420,1.0,1.0,1,1,1,1
HOS-A-00923,CRM-B-00923,1.0,1.0,1,1,1,1
HOS-A-00452,CRM-B-01064,0.356,0.889,0,0,0,0
HOS-A-00478,CRM-B-00478,1.0,1.0,1,1,1,1
HOS-A-00253,CRM-B-00960,0.387,0.312,0,0,0,0
HOS-A-00289,CRM-B-01178,0.4,0.429,0,0,0,0
HOS-A-00554,CRM-B-00554,1.0,1.0,1,1,1,1
HOS-A-00003,CRM-B-00543,0.345,0.9,0,0,0,0
HOS-A-00391,CRM-B-00391,1.0,1.0,1,1,1,1
HOS-A-00579,CRM-B-00579,1.0,1.0,1,1,1,1
HOS-A-01022,CRM-B-00523,0.323,0.414,0,0,0,0
HOS-A-00284,CRM-B-00112,0.514,0.229,0,0,0,0
HOS-A-00977,CRM-B-00559,0.619,0.5,0,0,0,0
HOS-A-00821,CRM-B-00821,1.0,1.0,1,1,1,1
HOS-A-01098,CRM-B-00542,0.429,0.444,0,0,0,0
HOS-A-01007,CRM-B-01007,1.0,1.0,1,1,1,1
HOS-A-00049,CRM-B-00156,0.308,0.312,0,0,0,0
HOS-A-00277,CRM-B-00113,0.357,0.452,0,0,0,0
HOS-A-00665,CRM-B-00665,1.0,0.97,0,1,1,1
HOS-A-00928,CRM-B-00718,0.229,0.514,0,0,0,0
HOS-A-00143,CRM-B-00143-DUP,1.0,1.0,0,1,1,1
HOS-A-00888,CRM-B-00080,0.312,0.514,0,0,0,0
HOS-A-00457,CRM-B-00654,0.308,0.483,0,0,0,0
HOS-A-00422,CRM-B-00422,1.0,1.0,1,1,1,1
HOS-A-00800,CRM-B-00800,1.0,0.973,1,1,1,1
HOS-A-00616,CRM-B-00616,1.0,1.0,1,1,1,1
HOS-A-00119,CRM-B-00126,0.389,0.357,0,0,0,0
HOS-A-00296,CRM-B-00296,1.0,1.0,1,1,1,1
HOS-A-00402,CRM-B-00402,1.0,1.0,1,1,1,1
HOS-A-00089,CRM-B-00089,1.0,1.0,1,1,1,1
HOS-A-00653,CRM-B-00050,0.37,0.552,0,0,0,0
HOS-A-01163,CRM-B-00125,0.389,0.387,0,0,0,0
HOS-A-00132,CRM-B-00132,1.0,1.0,1,1,1,1
HOS-A-00224,CRM-B-00923,0.296,0.375,0,0,0,0
HOS-A-00306,CRM-B-00403,0.216,0.467,0,0,0,0
HOS-A-00673,CRM-B-01000,0.364,0.5,0,0,0,0
HOS-A-00881,CRM-B-00181,0.345,0.516,0,0,0,0
HOS-A-00678,CRM-B-00210,0.417,0.786,0,0,0,0
HOS-A-00725,CRM-B-00725,1.0,1.0,1,1,1,1
HOS-A-00115,CRM-B-00302,0.353,0.414,0,0,0,0
HOS-A-00402,CRM-B-00490,0.375,0.645,0,0,0,0
HOS-A-00270,CRM-B-00270,1.0,1.0,1,1,1,1
HOS-A-00414,CRM-B-00448,0.378,0.516,0,0,0,0
HOS-A-00916,CRM-B-00498,0.231,0.387,0,0,0,0
HOS-A-00173,CRM-B-00523,0.438,0.625,0,0,0,0
HOS-A-00918,CRM-B-00918,1.0,1.0,1,1,1,1
HOS-A-00257,CRM-B-00116,0.4,0.529,0,0,0,0
HOS-A-00120,CRM-B-00765,0.581,0.387,0,0,0,0
HOS-A-00852,CRM-B-00442,0.5,0.529,0,0,0,0
HOS-A-00640,CRM-B-00227,0.286,0.452,0,0,0,0
HOS-A-00726,CRM-B-00971,0.452,0.286,0,0,0,0
HOS-A-00376,CRM-B-00376,1.0,1.0,1,1,1,1
HOS-A-00334,CRM-B-00334,1.0,1.0,0,1,1,1
HOS-A-00424,CRM-B-01007,0.333,0.452,0,0,0,0
HOS-A-01055,CRM-B-00817,0.303,0.345,0,0,0,0
HOS-A-01119,CRM-B-X01119,1.0,1.0,1,1,1,1
HOS-A-00911,CRM-B-00911,1.0,1.0,1,1,1,1
HOS-A-00777,CRM-B-00777,1.0,1.0,1,1,1,1
HOS-A-00378,CRM-B-01093,0.513,0.414,0,0,0,0
HOS-A-00329,CRM-B-00329,1.0,0.97,1,1,1,1
HOS-A-00143,CRM-B-00591,0.276,0.471,0,0,0,0
HOS-A-00321,CRM-B-00321,1.0,0.966,1,1,1,1
HOS-A-00629,CRM-B-00441,0.273,0.333,0,0,0,0
HOS-A-00013,CRM-B-00013,1.0,1.0,1,1,1,1
HOS-A-00898,CRM-B-X00898,1.0,1.0,1,1,1,1
HOS-A-00172,CRM-B-00172,1.0,1.0,1,1,1,1
HOS-A-00261,CRM-B-00261,1.0,1.0,1,1,1,1
HOS-A-00492,CRM-B-00561,0.296,0.387,0,0,0,0
HOS-A-00773,CRM-B-00250,0.385,0.424,0,0,0,0
HOS-A-00902,CRM-B-00902,1.0,1.0,1,1,1,1
HOS-A-00259,CRM-B-00259,1.0,1.0,1,1,1,1
HOS-A-00845,CRM-B-00845,1.0,1.0,1,1,1,1
HOS-A-00139,CRM-B-00139,1.0,1.0,1,1,1,1
HOS-A-00320,CRM-B-00320,1.0,1.0,1,1,1,1
HOS-A-00654,CRM-B-00654,1.0,1.0,1,1,1,1
HOS-A-00521,CRM-B-00918,0.4,0.467,0,0,0,0
HOS-A-00446,CRM-B-00374,0.343,0.846,0,0,0,0
HOS-A-00559,CRM-B-00559,1.0,1.0,1,1,1,1
HOS-A-00140,CRM-B-00140,1.0,1.0,1,1,1,1
HOS-A-00113,CRM-B-00113,1.0,1.0,1,1,1,1
HOS-A-00532,CRM-B-00532,0.957,1.0,1,1,1,1
HOS-A-00225,CRM-B-00225,0.978,1.0,1,1,1,1
HOS-A-00724,CRM-B-00724,1.0,1.0,1,1,1,1
HOS-A-01028,CRM-B-00756,0.424,0.514,0,0,0,0
HOS-A-00996,CRM-B-00762,0.667,0.452,0,0,0,0
HOS-A-00326,CRM-B-00326,1.0,1.0,1,1,1,1
HOS-A-00124,CRM-B-01045,0.312,0.625,0,0,0,0
HOS-A-00563,CRM-B-00127,0.357,0.333,0,0,0,0
HOS-A-00616,CRM-B-00899,0.471,0.387,0,0,0,0
HOS-A-00960,CRM-B-00934,0.385,0.471,0,0,0,0
HOS-A-00715,CRM-B-00715,1.0,1.0,1,1,1,1
HOS-A-00847,CRM-B-00847,1.0,1.0,1,1,1,1
HOS-A-00194,CRM-B-00194,0.952,1.0,1,1,1,1
HOS-A-00574,CRM-B-X00574,1.0,1.0,0,1,1,1
HOS-A-00947,CRM-B-00947,1.0,1.0,1,1,1,1
HOS-A-00504,CRM-B-00504,1.0,0.971,1,1,1,1
HOS-A-00440,CRM-B-X00865-DUP,0.24,0.424,0,0,0,0
HOS-A-00429,CRM-B-00229,0.353,0.69,0,0,0,0
HOS-A-00646,CRM-B-00646,1.0,0.971,1,1,1,1
HOS-A-00004,CRM-B-00004,1.0,1.0,1,1,1,1
HOS-A-00411,CRM-B-00909,0.242,0.471,0,0,0,0
HOS-A-00468,CRM-B-00468,1.0,1.0,1,1,1,1
HOS-A-00146,CRM-B-00302,0.4,0.846,0,0,0,0
HOS-A-00006,CRM-B-00006,1.0,1.0,0,1,1,1
HOS-A-00649,CRM-B-00324,0.258,0.375,0,0,0,0
HOS-A-00717,CRM-B-01021,0.457,0.6,0,0,0,0
HOS-A-00548,CRM-B-00548,1.0,0.973,1,1,1,1
HOS-A-00229,CRM-B-00229,1.0,1.0,1,1,1,1
HOS-A-01064,CRM-B-01064,1.0,1.0,0,1,1,1
HOS-A-00543,CRM-B-00543,0.966,1.0,1,1,1,1
HOS-A-00243,CRM-B-00243,1.0,1.0,1,1,1,1
HOS-A-00899,CRM-B-00899,0.976,1.0,1,1,1,1
HOS-A-00455,CRM-B-00856,0.323,0.452,0,0,0,0
HOS-A-01161,CRM-B-01161,1.0,1.0,1,1,1,1
HOS-A-00463,CRM-B-00810,0.308,0.4,0,0,0,0
HOS-A-00774,CRM-B-00541,0.348,0.483,0,0,0,0
HOS-A-00843,CRM-B-00843,1.0,1.0,1,1,1,1
HOS-A-00174,CRM-B-01042,0.37,0.645,0,0,0,0
HOS-A-00786,CRM-B-00947,0.471,0.286,0,0,0,0
HOS-A-00419,CRM-B-00650,0.308,0.444,0,0,0,0
HOS-A-00277,CRM-B-00277,1.0,1.0,1,1,1,1
HOS-A-00662,CRM-B-00662,1.0,1.0,0,1,1,1
HOS-A-00924,CRM-B-00820,0.48,0.353,0,0,0,0
HOS-A-01064,CRM-B-01154,0.444,0.581,0,0,0,0
HOS-A-00914,CRM-B-00175,0.571,0.345,0,0,0,0
HOS-A-00315,CRM-B-00315,1.0,1.0,1,1,1,1
HOS-A-00144,CRM-B-01003,0.348,0.424,0,0,0,0
HOS-A-00476,CRM-B-01084,0.345,0.222,0,0,0,0
HOS-A-00692,CRM-B-00692,1.0,1.0,1,1,1,1
HOS-A-00613,CRM-B-00613,1.0,1.0,1,1,1,1
HOS-A-00425,CRM-B-00425-DUP,1.0,1.0,0,1,1,1
HOS-A-00595,CRM-B-00595,1.0,0.97,0,1,1,1
HOS-A-01178,CRM-B-00771,0.353,0.485,0,0,0,0
HOS-A-00819,CRM-B-00605,0.378,0.5,0,0,0,0
HOS-A-00623,CRM-B-00623,1.0,1.0,1,1,1,1
HOS-A-00438,CRM-B-00685,0.303,0.483,0,0,0,0
HOS-A-00269,CRM-B-00373,0.353,0.452,0,0,0,0
HOS-A-00228,CRM-B-00228,1.0,0.971,1,1,1,1
HOS-A-00368,CRM-B-00849,0.194,0.364,0,0,0,0
HOS-A-01170,CRM-B-01170,1.0,1.0,1,1,1,1
HOS-A-00655,CRM-B-01140,0.312,0.364,0,0,0,0
HOS-A-00339,CRM-B-00206,0.25,0.485,0,0,0,0
HOS-A-00067,CRM-B-00067,1.0,1.0,0,1,1,1
HOS-A-01041,CRM-B-00877,0.323,0.552,0,0,0,0
HOS-A-00025,CRM-B-00025,0.963,1.0,1,1,1,1
HOS-A-00036,CRM-B-00203,0.333,0.452,0,0,0,0
HOS-A-00145,CRM-B-00145,1.0,1.0,1,1,1,1
HOS-A-00537,CRM-B-00537,1.0,1.0,1,1,1,1
HOS-A-00812,CRM-B-00812,1.0,1.0,1,1,1,1
HOS-A-00370,CRM-B-00019,0.333,0.424,0,0,0,0
HOS-A-00086,CRM-B-00086,1.0,1.0,1,1,1,1
HOS-A-00055,CRM-B-00138,0.385,0.4,0,0,0,0
HOS-A-00694,CRM-B-00484,0.439,0.471,0,0,0,0
HOS-A-00656,CRM-B-00746,0.357,0.581,0,0,0,0
HOS-A-00453,CRM-B-00388,0.438,0.452,0,0,0,0
HOS-A-00307,CRM-B-00622,0.4,0.485,0,0,0,0
HOS-A-00485,CRM-B-00485,1.0,1.0,1,1,1,1
HOS-A-00938,CRM-B-00958,0.333,0.533,0,0,0,0
HOS-A-01093,CRM-B-01138,0.421,0.438,0,0,0,0
HOS-A-00715,CRM-B-01100,0.381,0.4,0,0,0,0
HOS-A-00405,CRM-B-00214,0.333,0.387,0,0,0,0
HOS-A-01164,CRM-B-00917,0.593,0.424,0,0,0,0
HOS-A-00363,CRM-B-00363,0.966,0.976,1,1,1,1
HOS-A-00750,CRM-B-00750,1.0,0.966,1,1,1,1
HOS-A-00416,CRM-B-00046,0.583,0.457,0,0,0,0
HOS-A-01027,CRM-B-01027,1.0,1.0,1,1,1,1
HOS-A-01031,CRM-B-01031,1.0,0.966,1,1,1,1
HOS-A-01031,CRM-B-01070,0.429,0.444,0,0,0,0
HOS-A-00136,CRM-B-00897,0.357,0.452,0,0,0,0
HOS-A-00688,CRM-B-00956,0.412,0.222,0,0,0,0
HOS-A-00309,CRM-B-00524,0.3,0.375,0,0,0,0
HOS-A-00666,CRM-B-00666,1.0,1.0,1,1,1,1
HOS-A-00365,CRM-B-00365,1.0,1.0,0,1,1,1
HOS-A-00912,CRM-B-X00073,0.333,0.375,0,0,0,0
HOS-A-00040,CRM-B-00713,0.303,0.303,0,0,0,0
HOS-A-00078,CRM-B-00078,1.0,1.0,1,1,1,1
HOS-A-00028,CRM-B-00028,1.0,1.0,1,1,1,1
HOS-A-00812,CRM-B-01033,0.343,0.412,0,0,0,0
HOS-A-00526,CRM-B-00526,1.0,1.0,1,1,1,1
HOS-A-00726,CRM-B-00726,1.0,1.0,1,1,1,1
HOS-A-00056,CRM-B-00056,1.0,1.0,1,1,1,1
HOS-A-00639,CRM-B-00639,0.957,0.976,0,1,1,1
HOS-A-00303,CRM-B-00303,1.0,0.976,1,1,1,1
HOS-A-00719,CRM-B-00719,1.0,1.0,0,1,1,1
HOS-A-00772,CRM-B-01055,0.364,0.452,0,0,0,0
HOS-A-00625,CRM-B-00625,1.0,1.0,1,1,1,1
HOS-A-00008,CRM-B-X00008,1.0,1.0,1,1,1,1
HOS-A-00081,CRM-B-00643,0.435,0.333,0,0,0,0
HOS-A-00804,CRM-B-X00804,0.974,1.0,1,1,1,1
HOS-A-01050,CRM-B-01050,1.0,0.966,1,1,1,1
HOS-A-00337,CRM-B-00337,0.963,1.0,1,1,1,1
HOS-A-00048,CRM-B-00048,1.0,0.971,1,1,1,1
HOS-A-00921,CRM-B-00003,0.323,0.471,0,0,0,0
HOS-A-00107,CRM-B-00107,1.0,1.0,0,1,1,1
HOS-A-00350,CRM-B-00350,0.963,1.0,1,1,1,1
HOS-A-01080,CRM-B-01080,1.0,1.0,1,1,1,1
HOS-A-00239,CRM-B-00239,1.0,0.966,1,1,1,1
HOS-A-00214,CRM-B-00214,0.971,1.0,1,1,1,1
HOS-A-01145,CRM-B-01145,1.0,1.0,0,1,1,1
HOS-A-00548,CRM-B-00870-DUP,0.513,0.438,0,0,0,0
HOS-A-00882,CRM-B-00450,0.5,0.786,0,0,0,0
HOS-A-00794,CRM-B-00794,1.0,1.0,1,1,1,1
HOS-A-01097,CRM-B-01097,1.0,1.0,1,1,1,1
HOS-A-00448,CRM-B-00087,0.385,0.474,0,0,0,0
HOS-A-00374,CRM-B-X01079,0.378,0.444,0,0,0,0
HOS-A-00935,CRM-B-00259,0.364,0.467,0,0,0,0
HOS-A-00346,CRM-B-00346,1.0,1.0,1,1,1,1
HOS-A-00524,CRM-B-00524,1.0,1.0,1,1,1,1
HOS-A-00233,CRM-B-00233,1.0,1.0,1,1,1,1
HOS-A-00645,CRM-B-00645-DUP,1.0,1.0,0,1,1,1
HOS-A-00542,CRM-B-00488,0.345,0.516,0,0,0,0
HOS-A-00884,CRM-B-01162,0.387,0.343,0,0,0,0
HOS-A-00229,CRM-B-00672,0.667,0.375,0,0,0,0
HOS-A-00534,CRM-B-00534,1.0,1.0,1,1,1,1
HOS-A-00885,CRM-B-00040,0.387,0.452,0,0,0,0
HOS-A-00604,CRM-B-00604,1.0,1.0,1,1,1,1
HOS-A-00290,CRM-B-00135,0.667,0.485,0,0,0,0
HOS-A-01188,CRM-B-X00809,0.345,0.424,0,0,0,0
HOS-A-00227,CRM-B-00120,0.444,0.452,0,0,0,0
HOS-A-01075,CRM-B-01075,1.0,1.0,1,1,1,1
HOS-A-00892,CRM-B-00874,0.385,0.471,0,0,0,0
HOS-A-00061,CRM-B-00061,1.0,1.0,1,1,1,1
HOS-A-00564,CRM-B-X00823,0.345,0.364,0,0,0,0
HOS-A-00093,CRM-B-00093,1.0,1.0,1,1,1,1
HOS-A-00667,CRM-B-00667,1.0,1.0,1,1,1,1
HOS-A-00357,CRM-B-00183,0.4,0.4,0,0,0,0
HOS-A-00958,CRM-B-00824,0.412,0.343,0,0,0,0
HOS-A-00281,CRM-B-00281,1.0,1.0,0,1,1,1
HOS-A-00361,CRM-B-X00008,0.5,0.424,0,0,0,0
HOS-A-00360,CRM-B-00360,1.0,0.971,1,1,1,1
HOS-A-00383,CRM-B-00611,0.438,0.786,0,0,0,0
HOS-A-00344,CRM-B-01095,0.353,0.474,0,0,0,0
HOS-A-00198,CRM-B-00116,0.296,0.5,0,0,0,0
HOS-A-00973,CRM-B-00674,0.27,0.357,0,0,0,0
HOS-A-00848,CRM-B-X00848,0.941,1.0,1,1,1,1
HOS-A-00007,CRM-B-00203,0.4,0.4,0,0,0,0
HOS-A-00751,CRM-B-00379,0.483,0.812,0,0,0,0
HOS-A-00111,CRM-B-00111,0.971,1.0,1,1,1,1
HOS-A-00043,CRM-B-00043,1.0,0.97,1,1,1,1
HOS-A-00126,CRM-B-00126,1.0,1.0,1,1,1,1
HOS-A-00205,CRM-B-00205,1.0,1.0,1,1,1,1
HOS-A-00274,CRM-B-01072,0.432,0.471,0,0,0,0
HOS-A-00053,CRM-B-00053,1.0,1.0,1,1,1,1
HOS-A-00546,CRM-B-00546,1.0,1.0,0,1,1,1
HOS-A-00069,CRM-B-00069,1.0,1.0,1,1,1,1
HOS-A-00393,CRM-B-00305,0.412,0.4,0,0,0,0
HOS-A-00575,CRM-B-00039,0.368,0.471,0,0,0,0
HOS-A-00911,CRM-B-01088,0.4,0.303,0,0,0,0
HOS-A-01030,CRM-B-00965,0.387,0.364,0,0,0,0
HOS-A-00225,CRM-B-00106,0.381,0.438,0,0,0,0
HOS-A-00184,CRM-B-00184,1.0,1.0,1,1,1,1
HOS-A-00138,CRM-B-00138,1.0,1.0,1,1,1,1
HOS-A-00900,CRM-B-00900,1.0,0.971,1,1,1,1
HOS-A-00797,CRM-B-00797,0.963,1.0,1,1,1,1
HOS-A-00133,CRM-B-00133,1.0,1.0,1,1,1,1
HOS-A-00081,CRM-B-00081-DUP,1.0,1.0,0,1,1,1
HOS-A-00387,CRM-B-00415,0.455,0.486,0,0,0,0
HOS-A-00871,CRM-B-00977,0.27,0.562,0,0,0,0
HOS-A-00759,CRM-B-X00759,1.0,0.976,1,1,1,1
HOS-A-00542,CRM-B-00542,0.963,1.0,1,1,1,1
HOS-A-01020,CRM-B-01020,0.968,1.0,1,1,1,1
HOS-A-00762,CRM-B-01182,0.231,0.929,0,0,0,0
HOS-A-00984,CRM-B-00984,0.966,0.971,1,1,1,1
HOS-A-00943,CRM-B-00615,0.372,0.556,0,0,0,0
HOS-A-00166,CRM-B-00166,1.0,1.0,1,1,1,1
HOS-A-00249,CRM-B-00249,1.0,1.0,1,1,1,1
HOS-A-00132,CRM-B-00221,0.308,0.545,0,0,0,0
HOS-A-00447,CRM-B-00447,1.0,1.0,1,1,1,1
HOS-A-00410,CRM-B-00393,0.6,0.37,0,0,0,0
HOS-A-00859,CRM-B-00859,1.0,1.0,1,1,1,1
HOS-A-00159,CRM-B-00472,0.476,0.486,0,0,0,0
HOS-A-00490,CRM-B-00336,0.444,0.412,0,0,0,0
HOS-A-00098,CRM-B-00098,1.0,1.0,1,1,1,1
HOS-A-00427,CRM-B-00656,0.483,0.471,0,0,0,0
HOS-A-00806,CRM-B-00806,1.0,1.0,1,1,1,1
HOS-A-00738,CRM-B-00738,1.0,1.0,1,1,1,1
HOS-A-00556,CRM-B-00160,0.333,0.882,0,0,0,0
HOS-A-00619,CRM-B-00754,0.308,0.424,0,0,0,0
HOS-A-00103,CRM-B-00103,1.0,0.97,1,1,1,1
HOS-A-00435,CRM-B-00435,0.963,1.0,1,1,1,1
HOS-A-00075,CRM-B-00075,1.0,1.0,1,1,1,1
HOS-A-00578,CRM-B-00578,0.97,1.0,1,1,1,1
HOS-A-00630,CRM-B-00136,0.485,0.438,0,0,0,0
HOS-A-00555,CRM-B-01068,0.438,0.649,0,0,0,0
HOS-A-00031,CRM-B-00674,0.696,0.345,0,0,0,0
HOS-A-00919,CRM-B-00919,0.966,0.97,1,1,1,1
HOS-A-00127,CRM-B-00023,0.25,0.4,0,0,0,0
HOS-A-01024,CRM-B-00789,0.385,0.452,0,0,0,0
HOS-A-00995,CRM-B-01132,0.312,0.387,0,0,0,0
HOS-A-00957,CRM-B-00539,0.343,0.345,0,0,0,0
HOS-A-00763,CRM-B-00763,1.0,1.0,1,1,1,1
HOS-A-00990,CRM-B-00990,0.979,1.0,1,1,1,1
HOS-A-00389,CRM-B-00389,1.0,1.0,0,1,1,1
HOS-A-00236,CRM-B-00236,1.0,1.0,1,1,1,1
HOS-A-00883,CRM-B-01139,0.429,0.4,0,0,0,0
HOS-A-00268,CRM-B-00268,1.0,0.971,0,1,1,1
HOS-A-00130,CRM-B-00526,0.4,0.882,0,0,0,0
HOS-A-00459,CRM-B-00246,0.533,0.412,0,0,0,0
HOS-A-00118,CRM-B-00118,1.0,1.0,1,1,1,1
HOS-A-00438,CRM-B-00438,1.0,1.0,1,1,1,1
HOS-A-00674,CRM-B-00674,1.0,1.0,0,1,1,1
HOS-A-00250,CRM-B-00250,1.0,1.0,1,1,1,1
HOS-A-00832,CRM-B-00309,0.308,0.516,0,0,0,0
HOS-A-00375,CRM-B-00071,0.16,0.529,0,0,0,0
HOS-A-01197,CRM-B-00197,0.519,0.467,0,0,0,0
HOS-A-00095,CRM-B-00095,1.0,1.0,1,1,1,1
HOS-A-01084,CRM-B-00598,0.387,0.471,0,0,0,0
HOS-A-00034,CRM-B-00034,1.0,1.0,1,1,1,1
HOS-A-00847,CRM-B-X01167,0.788,0.556,0,0,0,0
HOS-A-00993,CRM-B-00371,0.552,0.429,0,0,0,0
HOS-A-00449,CRM-B-00449,1.0,1.0,1,1,1,1
HOS-A-00270,CRM-B-00587,0.389,0.357,0,0,0,0
HOS-A-00717,CRM-B-X00717,0.968,1.0,1,1,1,1
HOS-A-00565,CRM-B-00808,0.308,0.485,0,0,0,0
HOS-A-01112,CRM-B-00078,0.72,0.5,0,0,0,0
HOS-A-00001,CRM-B-00001,1.0,1.0,0,1,1,1
HOS-A-00718,CRM-B-00376,0.333,0.412,0,0,0,0
HOS-A-01102,CRM-B-01102,1.0,1.0,1,1,1,1
HOS-A-01109,CRM-B-01109,1.0,1.0,1,1,1,1
HOS-A-00509,CRM-B-00383,0.345,0.4,0,0,0,0
HOS-A-00083,CRM-B-X00083,1.0,1.0,1,1,1,1
HOS-A-00282,CRM-B-01049,0.455,0.452,0,0,0,0
HOS-A-00598,CRM-B-00924,0.296,0.412,0,0,0,0
HOS-A-00677,CRM-B-00677,0.96,1.0,1,1,1,1
HOS-A-00660,CRM-B-01172,0.333,0.514,0,0,0,0
HOS-A-00829,CRM-B-00342,0.4,0.483,0,0,0,0
HOS-A-01047,CRM-B-01047,0.966,1.0,0,1,1,1
HOS-A-00261,CRM-B-00774,0.429,0.357,0,0,0,0
HOS-A-00771,CRM-B-00771,1.0,1.0,1,1,1,1
HOS-A-00870,CRM-B-01067,0.64,0.357,0,0,0,0
HOS-A-00802,CRM-B-01114,0.769,0.824,0,0,0,0
HOS-A-00518,CRM-B-00518,1.0,0.963,1,1,1,1
HOS-A-00823,CRM-B-X00823,1.0,1.0,1,1,1,1
HOS-A-00405,CRM-B-00405,1.0,1.0,1,1,1,1
HOS-A-00385,CRM-B-X00385,1.0,1.0,1,1,1,1
HOS-A-00865,CRM-B-00926,0.389,0.357,0,0,0,0
HOS-A-00667,CRM-B-00081-DUP,0.37,0.333,0,0,0,0
HOS-A-00105,CRM-B-00105,1.0,1.0,1,1,1,1
HOS-A-00434,CRM-B-00076,0.214,0.267,0,0,0,0
HOS-A-01091,CRM-B-01132,0.621,0.452,0,0,0,0
HOS-A-00689,CRM-B-00689,1.0,1.0,1,1,1,1
HOS-A-00625,CRM-B-00038-DUP,0.357,0.286,0,0,0,0
HOS-A-00827,CRM-B-00827,1.0,1.0,1,1,1,1
HOS-A-00041,CRM-B-00682,0.37,0.364,0,0,0,0
HOS-A-00063,CRM-B-00063,1.0,1.0,1,1,1,1
HOS-A-00106,CRM-B-00792,0.343,0.471,0,0,0,0
HOS-A-00853,CRM-B-00853,1.0,1.0,1,1,1,1
HOS-A-00686,CRM-B-00533,0.345,0.552,0,0,0,0
HOS-A-00063,CRM-B-00549,0.375,0.471,0,0,0,0
HOS-A-00224,CRM-B-00224,1.0,1.0,1,1,1,1
HOS-A-00146,CRM-B-00146,1.0,1.0,1,1,1,1
HOS-A-01089,CRM-B-01089,1.0,0.966,1,1,1,1
HOS-A-00374,CRM-B-00374,0.979,1.0,1,1,1,1
HOS-A-00788,CRM-B-00675,0.37,0.474,0,0,0,0
HOS-A-01143,CRM-B-01143,1.0,1.0,1,1,1,1
HOS-A-01099,CRM-B-00016,0.37,0.424,0,0,0,0
HOS-A-00877,CRM-B-00639,0.364,0.444,0,0,0,0
HOS-A-00075,CRM-B-00323,0.323,0.471,0,0,0,0
HOS-A-00066,CRM-B-00322,0.417,0.516,0,0,0,0
HOS-A-00945,CRM-B-00028,0.261,0.516,0,0,0,0
HOS-A-00572,CRM-B-00834,0.429,0.438,0,0,0,0
HOS-A-00010,CRM-B-00010,1.0,1.0,1,1,1,1
HOS-A-00450,CRM-B-00450,1.0,1.0,1,1,1,1
HOS-A-00709,CRM-B-00709,1.0,1.0,1,1,1,1
HOS-A-00256,CRM-B-00256,1.0,0.971,0,1,1,1
HOS-A-00883,CRM-B-00883,1.0,1.0,1,1,1,1
HOS-A-00418,CRM-B-00791,0.609,0.438,0,0,0,0
HOS-A-00390,CRM-B-00390,0.977,1.0,1,1,1,1
HOS-A-00634,CRM-B-00393,0.48,0.452,0,0,0,0
HOS-A-01102,CRM-B-01200,0.357,0.471,0,0,0,0
HOS-A-00382,CRM-B-00082,0.364,0.914,0,0,0,0
HOS-A-00909,CRM-B-00909,1.0,1.0,1,1,1,1
HOS-A-00925,CRM-B-00925,1.0,1.0,1,1,1,1
HOS-A-00752,CRM-B-00752,1.0,0.973,1,1,1,1
HOS-A-00515,CRM-B-00011-DUP,0.308,0.857,0,0,0,0
HOS-A-00461,CRM-B-00461,1.0,1.0,0,1,1,1
HOS-A-00571,CRM-B-00408,0.741,0.364,0,0,0,0
HOS-A-00025,CRM-B-X00888,0.267,0.303,0,0,0,0
HOS-A-01169,CRM-B-01169,1.0,1.0,1,1,1,1
HOS-A-00959,CRM-B-00959,1.0,1.0,1,1,1,1
HOS-A-00502,CRM-B-00502,1.0,1.0,1,1,1,1
HOS-A-00740,CRM-B-00740,1.0,1.0,1,1,1,1
HOS-A-00041,CRM-B-00041,1.0,1.0,0,1,1,1
HOS-A-00869,CRM-B-00869,1.0,1.0,1,1,1,1
HOS-A-00732,CRM-B-00732,1.0,1.0,1,1,1,1
HOS-A-00540,CRM-B-00540,1.0,1.0,1,1,1,1
HOS-A-00002,CRM-B-00049,0.276,0.357,0,0,0,0
HOS-A-00140,CRM-B-00352,0.296,0.286,0,0,0,0
HOS-A-00698,CRM-B-00698,0.957,1.0,1,1,1,1
HOS-A-00920,CRM-B-01016,0.229,0.865,0,0,0,0
HOS-A-00744,CRM-B-00698,0.24,0.533,0,0,0,0
HOS-A-00721,CRM-B-00806,0.595,0.286,0,0,0,0
HOS-A-00172,CRM-B-00327,0.513,0.541,0,0,0,0
HOS-A-01146,CRM-B-01146,0.968,1.0,1,1,1,1
HOS-A-01032,CRM-B-01032,1.0,1.0,1,1,1,1
HOS-A-00373,CRM-B-00373,0.978,1.0,0,1,1,1
HOS-A-00668,CRM-B-00668,1.0,1.0,1,1,1,1
HOS-A-00232,CRM-B-00377,0.417,0.242,0,0,0,0
HOS-A-00897,CRM-B-00973,0.368,0.621,0,0,0,0
HOS-A-00358,CRM-B-00358,1.0,0.971,1,1,1,1
HOS-A-00968,CRM-B-00968,0.977,1.0,1,1,1,1
HOS-A-00784,CRM-B-00784,1.0,1.0,1,1,1,1
HOS-A-00736,CRM-B-00736,1.0,1.0,1,1,1,1
HOS-A-00154,CRM-B-00966,0.333,0.5,0,0,0,0
HOS-A-01036,CRM-B-01036-DUP,0.96,1.0,0,1,1,1
HOS-A-00971,CRM-B-00971,1.0,1.0,1,1,1,1
HOS-A-00471,CRM-B-00471,1.0,1.0,1,1,1,1
HOS-A-00656,CRM-B-00656,1.0,1.0,1,1,1,1
HOS-A-01060,CRM-B-00156,0.387,0.412,0,0,0,0
HOS-A-01066,CRM-B-00457,0.37,0.375,0,0,0,0
HOS-A-00197,CRM-B-00141,0.4,0.4,0,0,0,0
HOS-A-00337,CRM-B-01097,0.378,0.452,0,0,0,0
HOS-A-00703,CRM-B-00056,0.333,0.412,0,0,0,0
HOS-A-00895,CRM-B-01158,0.378,0.467,0,0,0,0
HOS-A-00350,CRM-B-00680,0.4,0.581,0,0,0,0
HOS-A-00129,CRM-B-01061,0.387,0.4,0,0,0,0
HOS-A-01092,CRM-B-00713,0.444,0.424,0,0,0,0
HOS-A-01104,CRM-B-X00566,0.686,0.452,0,0,0,0
HOS-A-00226,CRM-B-00195,0.326,0.486,0,0,0,0
HOS-A-00265,CRM-B-00840,0.364,0.303,0,0,0,0
HOS-A-00356,CRM-B-00100,0.296,0.229,0,0,0,0
HOS-A-00792,CRM-B-00945,0.37,0.387,0,0,0,0
HOS-A-00051,CRM-B-00580,0.345,0.432,0,0,0,0
HOS-A-00500,CRM-B-00291,0.462,0.474,0,0,0,0
HOS-A-00053,CRM-B-01143,0.467,0.556,0,0,0,0
HOS-A-01131,CRM-B-00325,0.6,0.389,0,0,0,0
HOS-A-01027,CRM-B-01054,0.273,0.471,0,0,0,0
HOS-A-00037,CRM-B-00183,0.48,0.444,0,0,0,0
HOS-A-00886,CRM-B-00886,1.0,1.0,1,1,1,1
HOS-A-00080,CRM-B-00080,1.0,1.0,1,1,1,1
HOS-A-01173,CRM-B-01173,1.0,1.0,1,1,1,1
HOS-A-00815,CRM-B-00815,1.0,1.0,1,1,1,1
HOS-A-00593,CRM-B-00057,0.37,0.323,0,0,0,0
HOS-A-00672,CRM-B-00672,1.0,1.0,1,1,1,1
HOS-A-00900,CRM-B-00690,0.333,0.452,0,0,0,0
HOS-A-00757,CRM-B-00427,0.25,0.516,0,0,0,0
HOS-A-00058,CRM-B-00058,1.0,1.0,1,1,1,1
HOS-A-00134,CRM-B-00134,1.0,1.0,1,1,1,1
HOS-A-01141,CRM-B-01141,1.0,1.0,1,1,1,1
HOS-A-00934,CRM-B-00934,1.0,1.0,1,1,1,1
HOS-A-00929,CRM-B-00929,1.0,1.0,1,1,1,1
HOS-A-00824,CRM-B-00824,1.0,1.0,1,1,1,1
HOS-A-00233,CRM-B-00374,0.348,0.483,0,0,0,0
HOS-A-00702,CRM-B-00666,0.667,0.786,0,0,0,0
HOS-A-00332,CRM-B-00868,0.389,0.229,0,0,0,0
HOS-A-00015,CRM-B-00430,0.483,0.474,0,0,0,0
HOS-A-00505,CRM-B-00505,1.0,1.0,0,1,1,1
HOS-A-01172,CRM-B-00974,0.286,0.581,0,0,0,0
HOS-A-00348,CRM-B-00348,1.0,1.0,1,1,1,1
HOS-A-00387,CRM-B-00387,0.979,1.0,1,1,1,1
HOS-A-01025,CRM-B-01025,1.0,1.0,0,1,1,1
HOS-A-00185,CRM-B-00240,0.385,0.412,0,0,0,0
HOS-A-00895,CRM-B-00895,0.963,1.0,1,1,1,1
HOS-A-00829,CRM-B-00829,1.0,1.0,1,1,1,1
HOS-A-01139,CRM-B-00278,0.571,0.444,0,0,0,0
HOS-A-00476,CRM-B-00476,1.0,1.0,1,1,1,1
HOS-A-00484,CRM-B-00919,0.541,0.412,0,0,0,0
HOS-A-00854,CRM-B-00525,0.326,0.444,0,0,0,0
HOS-A-01035,CRM-B-00568,0.311,0.421,0,0,0,0
HOS-A-00824,CRM-B-00417,0.5,0.312,0,0,0,0
HOS-A-00748,CRM-B-00496,0.378,0.824,0,0,0,0
HOS-A-00653,CRM-B-00653,1.0,1.0,1,1,1,1
HOS-A-00173,CRM-B-00173,1.0,1.0,1,1,1,1
HOS-A-00275,CRM-B-00120,0.345,0.387,0,0,0,0
HOS-A-01150,CRM-B-01150,1.0,1.0,1,1,1,1
HOS-A-00039,CRM-B-00039-DUP,1.0,1.0,0,1,1,1
HOS-A-00355,CRM-B-00496,0.293,0.485,0,0,0,0
HOS-A-00714,CRM-B-X00714,1.0,1.0,1,1,1,1
HOS-A-00091,CRM-B-00091,1.0,1.0,1,1,1,1
HOS-A-00167,CRM-B-00167,1.0,1.0,1,1,1,1
HOS-A-00006,CRM-B-00275,0.357,0.286,0,0,0,0
HOS-A-00876,CRM-B-00876,0.952,1.0,1,1,1,1
HOS-A-00683,CRM-B-00864,0.286,0.387,0,0,0,0
HOS-A-01000,CRM-B-00630,0.727,0.452,0,0,0,0
HOS-A-01138,CRM-B-00149,0.278,0.364,0,0,0,0
HOS-A-01094,CRM-B-01094,1.0,1.0,0,1,1,1
HOS-A-01156,CRM-B-01156,1.0,1.0,0,1,1,1
HOS-A-00125,CRM-B-00496,0.25,0.303,0,0,0,0
HOS-A-00698,CRM-B-00481,0.333,0.357,0,0,0,0
HOS-A-00151,CRM-B-00002,0.348,0.414,0,0,0,0
HOS-A-00511,CRM-B-00511,1.0,1.0,1,1,1,1
HOS-A-00481,CRM-B-00854,0.27,0.357,0,0,0,0
HOS-A-00500,CRM-B-00500,1.0,0.973,1,1,1,1
HOS-A-00690,CRM-B-X00865,0.444,0.483,0,0,0,0
HOS-A-00189,CRM-B-00670,0.372,0.375,0,0,0,0
HOS-A-00320,CRM-B-00145,0.286,0.424,0,0,0,0
HOS-A-00472,CRM-B-00343,0.323,0.424,0,0,0,0
HOS-A-00339,CRM-B-00339,1.0,1.0,1,1,1,1
HOS-A-00978,CRM-B-00591,0.421,0.471,0,0,0,0
HOS-A-01189,CRM-B-01189,1.0,0.968,1,1,1,1
HOS-A-00029,CRM-B-00029,1.0,1.0,1,1,1,1
HOS-A-00341,CRM-B-00522,0.286,0.387,0,0,0,0
HOS-A-00018,CRM-B-01191-DUP,0.839,0.471,0,0,0,0
HOS-A-00648,CRM-B-00227,0.357,0.452,0,0,0,0
HOS-A-00795,CRM-B-00795,1.0,0.976,1,1,1,1
HOS-A-00946,CRM-B-00946,1.0,1.0,1,1,1,1
HOS-A-00217,CRM-B-00374,0.286,0.357,0,0,0,0
HOS-A-00170,CRM-B-00170,1.0,1.0,1,1,1,1
HOS-A-01006,CRM-B-X00073,0.39,0.375,0,0,0,0
HOS-A-00477,CRM-B-00001,0.296,0.552,0,0,0,0
HOS-A-01198,CRM-B-01198,1.0,1.0,0,1,1,1
HOS-A-00343,CRM-B-00212,0.483,0.471,0,0,0,0
HOS-A-00054,CRM-B-00378,0.621,0.857,0,0,0,0
HOS-A-00750,CRM-B-00240,0.435,0.438,0,0,0,0
HOS-A-00913,CRM-B-X00913,1.0,1.0,0,1,1,1
HOS-A-00492,CRM-B-00492,1.0,0.971,1,1,1,1
HOS-A-00954,CRM-B-00954,1.0,0.966,1,1,1,1
HOS-A-01098,CRM-B-01098,1.0,0.966,1,1,1,1
HOS-A-01033,CRM-B-01033,1.0,0.968,0,1,1,1
HOS-A-00588,CRM-B-00588,0.96,1.0,1,1,1,1
HOS-A-00751,CRM-B-00751,1.0,1.0,1,1,1,1
HOS-A-00658,CRM-B-X00658,1.0,1.0,1,1,1,1
HOS-A-00235,CRM-B-00235,1.0,1.0,0,1,1,1
HOS-A-00733,CRM-B-00733,1.0,1.0,1,1,1,1
HOS-A-01193,CRM-B-00877,0.37,0.452,0,0,0,0
HOS-A-01187,CRM-B-01187,1.0,1.0,1,1,1,1
HOS-A-01157,CRM-B-01157,1.0,1.0,0,1,1,1
HOS-A-00853,CRM-B-00294-DUP,0.5,0.483,0,0,0,0
HOS-A-00795,CRM-B-00794,0.545,0.545,0,0,0,0
HOS-A-00965,CRM-B-00763,0.364,0.562,0,0,0,0
HOS-A-00935,CRM-B-00935,1.0,0.966,1,1,1,1
HOS-A-00010,CRM-B-01169,0.5,0.364,0,0,0,0
HOS-A-01066,CRM-B-01066,1.0,1.0,1,1,1,1
HOS-A-00517,CRM-B-00844,0.303,0.5,0,0,0,0
HOS-A-00109,CRM-B-00109,1.0,1.0,1,1,1,1
HOS-A-01063,CRM-B-01063,1.0,1.0,0,1,1,1
HOS-A-00569,CRM-B-00569,1.0,1.0,1,1,1,1
HOS-A-01168,CRM-B-01168,1.0,1.0,1,1,1,1
HOS-A-01175,CRM-B-01175,0.98,0.966,1,1,1,1
HOS-A-00389,CRM-B-00204,0.37,0.485,0,0,0,0
HOS-A-00308,CRM-B-00470,0.333,0.581,0,0,0,0
HOS-A-00293,CRM-B-00238,0.462,0.485,0,0,0,0
HOS-A-00891,CRM-B-00891,1.0,1.0,0,1,1,1
HOS-A-00948,CRM-B-00948-DUP,1.0,1.0,0,1,1,1
HOS-A-01049,CRM-B-01049,0.957,0.97,1,1,1,1
HOS-A-00684,CRM-B-00347,0.353,0.438,0,0,0,0
HOS-A-00713,CRM-B-01180,0.6,0.303,0,0,0,0
HOS-A-00841,CRM-B-00570,0.357,0.414,0,0,0,0
HOS-A-00885,CRM-B-00885,1.0,0.966,1,1,1,1
HOS-A-00144,CRM-B-00144,1.0,1.0,0,1,1,1
HOS-A-01157,CRM-B-X00460,0.276,0.294,0,0,0,0
HOS-A-00984,CRM-B-X01065,0.333,0.375,0,0,0,0
HOS-A-00851,CRM-B-00851,0.952,1.0,1,1,1,1
HOS-A-00388,CRM-B-00493,0.357,0.5,0,0,0,0
HOS-A-00208,CRM-B-00423,0.333,0.486,0,0,0,0
HOS-A-00735,CRM-B-00735,1.0,1.0,0,1,1,1
HOS-A-00718,CRM-B-00718,1.0,0.971,1,1,1,1
HOS-A-01078,CRM-B-00685,0.345,0.5,0,0,0,0
HOS-A-00455,CRM-B-00455,1.0,1.0,1,1,1,1
HOS-A-00265,CRM-B-00265,1.0,1.0,0,1,1,1
HOS-A-00076,CRM-B-00076,1.0,1.0,1,1,1,1
HOS-A-00057,CRM-B-00448,0.364,0.516,0,0,0,0
HOS-A-00445,CRM-B-00445,1.0,1.0,1,1,1,1
HOS-A-00396,CRM-B-X00396,1.0,1.0,1,1,1,1
HOS-A-00808,CRM-B-00826,0.462,0.471,0,0,0,0
HOS-A-00177,CRM-B-00177,1.0,1.0,1,1,1,1
HOS-A-01043,CRM-B-01043,1.0,1.0,1,1,1,1
HOS-A-01042,CRM-B-00329,0.286,0.471,0,0,0,0
HOS-A-00755,CRM-B-00365,0.438,0.467,0,0,0,0
HOS-A-00166,CRM-B-00137,0.387,0.424,0,0,0,0
HOS-A-00725,CRM-B-00942,0.357,0.467,0,0,0,0
HOS-A-00596,CRM-B-00596,1.0,1.0,1,1,1,1
HOS-A-00062,CRM-B-00062,1.0,1.0,0,1,1,1
HOS-A-00097,CRM-B-00523,0.414,0.387,0,0,0,0
HOS-A-00622,CRM-B-00498,0.273,0.516,0,0,0,0
HOS-A-00873,CRM-B-00873,0.957,1.0,1,1,1,1
HOS-A-00867,CRM-B-00867-DUP,1.0,1.0,0,1,1,1
HOS-A-00217,CRM-B-00217,0.957,1.0,1,1,1,1
HOS-A-00279,CRM-B-00279,1.0,1.0,1,1,1,1
HOS-A-00349,CRM-B-X00416,0.345,0.364,0,0,0,0
HOS-A-00519,CRM-B-00347,0.432,0.457,0,0,0,0
HOS-A-00193,CRM-B-00453,0.345,0.621,0,0,0,0
HOS-A-00604,CRM-B-01117,0.25,0.545,0,0,0,0
HOS-A-00037,CRM-B-00037,1.0,1.0,1,1,1,1
HOS-A-01130,CRM-B-00538,0.39,0.467,0,0,0,0
HOS-A-00014,CRM-B-00185,0.429,0.483,0,0,0,0
HOS-A-00663,CRM-B-00663,1.0,1.0,1,1,1,1
HOS-A-01126,CRM-B-01066,0.333,0.941,0,0,0,0
HOS-A-01087,CRM-B-00955,0.4,0.812,0,0,0,0
HOS-A-00821,CRM-B-00119,0.364,0.533,0,0,0,0
HOS-A-00978,CRM-B-00978,1.0,1.0,1,1,1,1
HOS-A-00372,CRM-B-00149,0.343,0.485,0,0,0,0
HOS-A-01123,CRM-B-01123,1.0,1.0,1,1,1,1
HOS-A-00513,CRM-B-00481,0.357,0.621,0,0,0,0
HOS-A-00739,CRM-B-00739,1.0,1.0,1,1,1,1
HOS-A-00192,CRM-B-00192,1.0,1.0,1,1,1,1
HOS-A-00920,CRM-B-00920,1.0,1.0,1,1,1,1
HOS-A-00457,CRM-B-00457,1.0,1.0,1,1,1,1
HOS-A-00693,CRM-B-00639,0.5,0.514,0,0,0,0
HOS-A-00218,CRM-B-00187,0.333,0.414,0,0,0,0
